5;rklimas0;Roberto;Klimas;rklimas0@ca.gov;452;Male;VG4Mwn
6;ehambrook1;Emmaline;Hambrook;ehambrook1@soundcloud.com;287;Female;ztHpBYGGcKVD
7;mstemson2;Magdaia;Stemson;mstemson2@ycombinator.com;779;Female;ptBexCWc2xT
8;akaiser3;Adriano;Kaiser;akaiser3@forbes.com;788;Male;Y2DN45P
9;csemarke4;Chester;Semarke;csemarke4@soup.io;291;Male;qcqWUD12e
10;vtitchmarsh5;Val;Titchmarsh;vtitchmarsh5@goo.ne.jp;787;Male;s8ZFwHwb1UVu
11;rwaliszewski6;Rodrick;Waliszewski;rwaliszewski6@google.pl;370;Male;LvYYy718
12;stomaselli7;Sigfried;Tomaselli;stomaselli7@mit.edu;124;Male;jJNRh2c75
13;lfabbri8;Laetitia;Fabbri;lfabbri8@nymag.com;625;Female;QjnqYk
14;phandy9;Palm;Handy;phandy9@java.com;837;Male;EmeYnXm6k
15;gpellamonta;Garret;Pellamont;gpellamonta@ucsd.edu;728;Male;3LZXEAZ6
16;bdruryb;Branden;Drury;bdruryb@dmoz.org;946;Bigender;UsYAEs
17;woshevlanc;Wendell;O'Shevlan;woshevlanc@devhub.com;443;Male;ioexQO2sg
18;mmurod;Miguel;Muro;mmurod@earthlink.net;297;Male;SRa2a3Z3xRQp
19;tpoage;Trumaine;Poag;tpoage@zimbio.com;562;Male;Eh5ukqf
20;tsalvinf;Tim;Salvin;tsalvinf@wikia.com;394;Male;TUWKZDIjp
21;mwilseeg;Maddalena;Wilsee;mwilseeg@networksolutions.com;731;Female;ddRTAfKm
22;jbaynhamh;Juanita;Baynham;jbaynhamh@jalbum.net;802;Agender;tu5MJV
23;hgremaini;Husein;Gremain;hgremaini@ezinearticles.com;757;Male;GwtqlC
24;mlovartj;Mohammed;Lovart;mlovartj@exblog.jp;866;Male;sVKXTcP
25;jdalstonk;Joane;Dalston;jdalstonk@tiny.cc;482;Female;oOfnqdU
26;bisaaksohnl;Babara;Isaaksohn;bisaaksohnl@youtube.com;562;Female;ONBWVelz37
27;ajorgerm;Avril;Jorger;ajorgerm@ca.gov;985;Female;tnwUUn
28;cmanifoldn;Corabel;Manifold;cmanifoldn@hao123.com;134;Female;yCWqv9p0
29;jmendoncao;Jada;Mendonca;jmendoncao@purevolume.com;626;Female;fZlQ8mz
30;ostannahp;Obediah;Stannah;ostannahp@altervista.org;362;Male;XIEyLsBH9T1c
31;kandraudq;Karlis;Andraud;kandraudq@tuttocitta.it;103;Male;UjIyhF4bgxx
32;ssugarsr;Sheelagh;Sugars;ssugarsr@thetimes.co.uk;745;Female;p2fg3virIb0s
33;tdoylends;Thibaud;Doylend;tdoylends@loc.gov;237;Bigender;SiHruX8RfW5
34;glonglandt;Goddard;Longland;glonglandt@rambler.ru;752;Male;CAw1Ke
35;wczajkowskiu;Waldon;Czajkowski;wczajkowskiu@newyorker.com;681;Male;w2e2rHap9
36;bfarriarv;Bernie;Farriar;bfarriarv@ibm.com;940;Female;VZ1mVkK9G
37;jferiaw;Jayme;Feria;jferiaw@woothemes.com;114;Female;btrSZ8qt
38;tgasnellx;Tamas;Gasnell;tgasnellx@taobao.com;695;Male;shLzMVCR
39;tmacandreisy;Tyson;MacAndreis;tmacandreisy@posterous.com;306;Male;a2JeuVeZN9tt
40;wmengoz;Winnah;Mengo;wmengoz@pagesperso-orange.fr;982;Female;SCuvvxRaZT93
41;fgrantham10;Fernanda;Grantham;fgrantham10@state.tx.us;749;Female;XjDmEsKo
42;orycraft11;Orelle;Rycraft;orycraft11@nbcnews.com;231;Female;Aw7oLEQwG
43;edami12;Ebony;Dami;edami12@hao123.com;114;Female;p9Q3kaj6w
44;mexall13;Mable;Exall;mexall13@google.nl;201;Female;VYbXg2Ghgdxl
45;bvasnetsov14;Brnaby;Vasnetsov;bvasnetsov14@livejournal.com;679;Male;F0wCAU4XezlC
46;swaple15;Stephan;Waple;swaple15@hubpages.com;535;Male;jBrtsmZ
47;fradoux16;Felice;Radoux;fradoux16@123-reg.co.uk;600;Female;f10RYa
48;gbernuzzi17;Glen;Bernuzzi;gbernuzzi17@irs.gov;382;Female;zJB5qS
49;dtomankowski18;Derrik;Tomankowski;dtomankowski18@aboutads.info;750;Male;UE8MoquRxiZY
50;balexander19;Beatriz;Alexander;balexander19@hatena.ne.jp;203;Female;O8l4HOa0V
51;civashintsov1a;Chloris;Ivashintsov;civashintsov1a@spotify.com;287;Non-binary;uh7HXzQsMa
52;bflatt1b;Boothe;Flatt;bflatt1b@bloglovin.com;210;Male;RqxtcK
53;sharold1c;Suzette;Harold;sharold1c@biblegateway.com;351;Female;5iFVGc
54;acrannell1d;Agnesse;Crannell;acrannell1d@google.com;659;Female;Juw2y8dyf
55;emcdyer1e;Ebenezer;McDyer;emcdyer1e@moonfruit.com;369;Male;82BxAVOae
56;cwann1f;Cathyleen;Wann;cwann1f@de.vu;361;Female;kb1lLZ
57;jchartres1g;Jimmy;Chartres;jchartres1g@privacy.gov.au;294;Male;PKibIbM
58;rwolfart1h;Rollo;Wolfart;rwolfart1h@un.org;358;Male;qyo86eE0wcj
59;epeterken1i;Eimile;Peterken;epeterken1i@privacy.gov.au;384;Female;dOhnKKU1If
60;gmccarroll1j;Geraldine;Mc Carroll;gmccarroll1j@unesco.org;618;Female;8z0s5jHm
61;cspawell1k;Clayton;Spawell;cspawell1k@plala.or.jp;224;Male;kMvBMy5s
62;scaltera1l;Shana;Caltera;scaltera1l@fastcompany.com;656;Bigender;KNRS1qqIY
63;jbourgaize1m;Joey;Bourgaize;jbourgaize1m@ehow.com;204;Male;O2cedonb
64;csargerson1n;Corri;Sargerson;csargerson1n@cocolog-nifty.com;571;Female;rYm5WA
65;bcolbridge1o;Birch;Colbridge;bcolbridge1o@deliciousdays.com;577;Male;j4QUmgeGO
66;ihiskey1p;Ingeberg;Hiskey;ihiskey1p@hhs.gov;514;Female;28uEoNn9kQJG
67;chobbema1q;Chan;Hobbema;chobbema1q@ucoz.com;677;Male;rLcsv0iZb
68;frodenburgh1r;Franky;Rodenburgh;frodenburgh1r@shutterfly.com;751;Male;kvOGpForV
69;rcassar1s;Rosalia;Cassar;rcassar1s@plala.or.jp;252;Female;VwswpucIu
70;hantecki1t;Hamnet;Antecki;hantecki1t@usgs.gov;887;Male;T2mCEo
71;tguite1u;Tremain;Guite;tguite1u@vkontakte.ru;645;Male;jFvv5pV9
72;btandy1v;Burlie;Tandy;btandy1v@epa.gov;680;Male;M8cwWj5
73;dkerrey1w;David;Kerrey;dkerrey1w@google.it;274;Male;GuoxqTh7Zi
74;jreims1x;Jewelle;Reims;jreims1x@kickstarter.com;171;Female;FtFrKcQ
75;sthireau1y;Sibby;Thireau;sthireau1y@sogou.com;482;Female;7OAzKz8
76;cadriano1z;Carline;Adriano;cadriano1z@ebay.com;871;Female;6LgsWnI2pW
77;gboutflour20;Gilemette;Boutflour;gboutflour20@geocities.jp;202;Female;hAOiMJS4f
78;smarwick21;Susie;Marwick;smarwick21@vkontakte.ru;476;Female;Se4jMFy6pZuO
79;jgallety22;Jule;Gallety;jgallety22@networksolutions.com;487;Male;4ImBI7A
80;afewkes23;Aidan;Fewkes;afewkes23@sphinn.com;493;Agender;WrvK2j
81;lredwall24;Lynnette;Redwall;lredwall24@wp.com;128;Female;kf1RdD
82;aalasdair25;Ag;Alasdair;aalasdair25@vkontakte.ru;283;Female;oU3pvOHQC5E
83;rwortman26;Rollins;Wortman;rwortman26@wikipedia.org;780;Male;r6o4pH
84;tklisch27;Tish;Klisch;tklisch27@smugmug.com;557;Female;xJ5roihWSsYa
85;esmurfitt28;Emili;Smurfitt;esmurfitt28@umich.edu;147;Female;UT84fd3IHvX
86;mpanting29;Margot;Panting;mpanting29@paginegialle.it;883;Female;88OeURRu
87;dmccooke2a;Dur;McCooke;dmccooke2a@usnews.com;189;Male;4rfJ1i
88;jannion2b;Jeremy;Annion;jannion2b@spiegel.de;314;Male;eN42Cr1Z86
89;awohler2c;Arturo;Wohler;awohler2c@epa.gov;333;Male;mrQQwW
90;btrevers2d;Brooke;Trevers;btrevers2d@msn.com;454;Female;rWGQdD
91;wcowan2e;Wynne;Cowan;wcowan2e@ezinearticles.com;107;Female;i5V7IqDc
92;abonnin2f;Ashlie;Bonnin;abonnin2f@opera.com;135;Female;m1Xmg7hh
93;slewing2g;Sky;Lewing;slewing2g@hc360.com;590;Male;cie7KwUX35W
94;pgrindle2h;Patsy;Grindle;pgrindle2h@cam.ac.uk;715;Male;SdxpUab
95;slittler2i;Susanna;Littler;slittler2i@sfgate.com;631;Female;4uzjA1U7ISx
96;mduggleby2j;Mill;Duggleby;mduggleby2j@irs.gov;377;Male;rbGPecdS9ET
97;vmaccheyne2k;Vaclav;MacCheyne;vmaccheyne2k@go.com;828;Male;xEVTXzCZON2
98;vpitkins2l;Vivia;Pitkins;vpitkins2l@biglobe.ne.jp;411;Polygender;oF3Ozzo6eo85
99;apauwel2m;Anatollo;Pauwel;apauwel2m@feedburner.com;872;Male;J84rNoGHGlVG
100;mcrookshanks2n;Madelene;Crookshanks;mcrookshanks2n@goo.ne.jp;897;Female;ID7rYGJInCdW
101;opafford2o;Odo;Pafford;opafford2o@earthlink.net;949;Genderfluid;cvix7C
102;mfont2p;Monica;Font;mfont2p@uiuc.edu;784;Female;QoVxfxdQvX
103;rtimlett2q;Rozalie;Timlett;rtimlett2q@unblog.fr;864;Female;nMIe7eJD
104;bhowels2r;Brannon;Howels;bhowels2r@vistaprint.com;154;Male;yCv9BkIcC
105;eokeefe2s;Eal;O'Keefe;eokeefe2s@vimeo.com;886;Genderqueer;GSNlDcFfihX7
106;wmooney2t;Wallie;Mooney;wmooney2t@blog.com;605;Female;FGj9oX
107;vhallet2u;Valeda;Hallet;vhallet2u@walmart.com;866;Female;iX3AVoA
108;ahartman2v;Ava;Hartman;ahartman2v@amazon.com;258;Agender;X8B8xz3X
109;rhachette2w;Rubetta;Hachette;rhachette2w@geocities.jp;273;Female;hBb0q3
110;uwayne2x;Ulrika;Wayne;uwayne2x@loc.gov;512;Female;p4CKOybC
111;lcarden2y;Laurianne;Carden;lcarden2y@cbslocal.com;955;Female;RmgJGOy
112;fsudworth2z;Foss;Sudworth;fsudworth2z@va.gov;854;Male;kZfohAa
113;mleebeter30;Marc;Leebeter;mleebeter30@exblog.jp;322;Male;CXHr9jtF6ae0
114;mkirkland31;Martguerita;Kirkland;mkirkland31@last.fm;250;Female;NTX1iJccM8p
115;ashipp32;Ase;Shipp;ashipp32@infoseek.co.jp;874;Male;0V0OHK
116;bstrippling33;Bondy;Strippling;bstrippling33@google.it;281;Male;7zCZh7h
117;vmilier34;Vivienne;Milier;vmilier34@github.io;288;Female;AZUMCPMVjl
118;hlempel35;Harold;Lempel;hlempel35@mapy.cz;412;Male;HAuBR7y
119;lswannick36;Lila;Swannick;lswannick36@twitter.com;526;Female;QhbMua93T
120;dshenfish37;Darcy;Shenfish;dshenfish37@homestead.com;317;Male;lFeTE9Bv
121;vspaule38;Vivian;Spaule;vspaule38@msn.com;352;Genderqueer;satfPgD
122;stuvey39;Say;Tuvey;stuvey39@t.co;813;Male;khKpiYmwG
123;isandon3a;Ileana;Sandon;isandon3a@vinaora.com;688;Female;2rcEoz
124;asheepy3b;Aimee;Sheepy;asheepy3b@jigsy.com;638;Female;bYVjHU2
125;tleon3c;Tamra;Leon;tleon3c@wsj.com;350;Female;zOtnws
126;jkemmish3d;Josias;Kemmish;jkemmish3d@wisc.edu;350;Male;JP4oR8
127;swickrath3e;Stormy;Wickrath;swickrath3e@prnewswire.com;526;Female;igU9rLHF
128;tchad3f;Tobit;Chad;tchad3f@google.co.uk;982;Male;XAKEoW2jLO
129;kfoottit3g;Kleon;Foottit;kfoottit3g@liveinternet.ru;995;Male;FKssg9BlA
130;mvogt3h;Mary;Vogt;mvogt3h@rakuten.co.jp;536;Female;hHkmO1
131;gdryburgh3i;Giffard;Dryburgh;gdryburgh3i@gravatar.com;418;Male;FeV4gIiMqf6
132;zworvell3j;Zacherie;Worvell;zworvell3j@samsung.com;477;Bigender;4J6005Nf
133;bbeaven3k;Beatrice;Beaven;bbeaven3k@sakura.ne.jp;586;Female;KcOP0Ls
134;wgreasley3l;Wilt;Greasley;wgreasley3l@goo.gl;367;Non-binary;iQPOtglsG
135;cconville3m;Carita;Conville;cconville3m@hud.gov;185;Female;4TxFcwYw
136;mdorow3n;Melva;Dorow;mdorow3n@springer.com;322;Female;vVVZ2nBa
137;rbrewerton3o;Randell;Brewerton;rbrewerton3o@altervista.org;338;Male;tu8PIO
138;bhavelin3p;Benyamin;Havelin;bhavelin3p@alexa.com;869;Male;azlhHFD9Lgp
139;rcamelli3q;Rourke;Camelli;rcamelli3q@mac.com;679;Male;c6qjK0k
140;anyssens3r;Auberon;Nyssens;anyssens3r@wufoo.com;294;Male;UEdh61X01Qdy
141;pprinnett3s;Paxon;Prinnett;pprinnett3s@techcrunch.com;575;Male;vdPxb02QejM
142;sfairlamb3t;Sergei;Fairlamb;sfairlamb3t@digg.com;220;Male;XMklS7SRZ
143;kdoman3u;Kamillah;Doman;kdoman3u@scribd.com;780;Non-binary;cXQ6cfj5CQCp
144;rweall3v;Rene;Weall;rweall3v@godaddy.com;465;Female;opfWUxy23q
145;pgrahl3w;Patin;Grahl;pgrahl3w@reference.com;592;Male;EsyK7Ld
146;dbertelsen3x;Dexter;Bertelsen;dbertelsen3x@prlog.org;916;Male;Y0cySBRgp8
147;tvandenhoff3y;Truman;Vandenhoff;tvandenhoff3y@time.com;969;Male;HyOLeGFrAp
148;taspole3z;Tammi;Aspole;taspole3z@php.net;729;Female;RH4T8P7Uz
149;fmantz40;Freddie;Mantz;fmantz40@netscape.com;991;Female;gFfbgNypkhDY
150;igarrard41;Ingram;Garrard;igarrard41@deliciousdays.com;401;Male;U3D1AYza4ofl
151;tkybird42;Tammie;Kybird;tkybird42@weebly.com;231;Female;Ji37nnL7oUj
152;lpartrick43;Lemmy;Partrick;lpartrick43@sciencedirect.com;116;Male;l545zhKLwAaX
153;fdurston44;Fayth;Durston;fdurston44@multiply.com;748;Female;fAST9wKzofDK
154;rtarren45;Ringo;Tarren;rtarren45@census.gov;249;Male;jkiEPEHY6
155;hdanilovich46;Hew;Danilovich;hdanilovich46@illinois.edu;470;Male;y4Hd3tSsGC
156;mdobbins47;Marleah;Dobbins;mdobbins47@amazonaws.com;838;Non-binary;8i5qwp
157;boloman48;Bidget;Oloman;boloman48@i2i.jp;318;Female;gQa6uEE5T5PT
158;ibroster49;Ingrid;Broster;ibroster49@google.de;854;Female;3PL6qn
159;dfrodsham4a;Darleen;Frodsham;dfrodsham4a@istockphoto.com;752;Female;73GFd5IXlbpg
160;ckhilkov4b;Cullin;Khilkov;ckhilkov4b@oakley.com;697;Polygender;y0XnwS
161;mdeavall4c;Milo;Deavall;mdeavall4c@nationalgeographic.com;854;Male;0rVgzeDWPO5
162;cgimbrett4d;Charita;Gimbrett;cgimbrett4d@army.mil;375;Female;jZCD3z
163;bpetzolt4e;Bevvy;Petzolt;bpetzolt4e@mozilla.org;409;Female;58n8Xmwo
164;clinnemann4f;Corby;Linnemann;clinnemann4f@blogspot.com;717;Male;cpDner
165;lmadders4g;Lulita;Madders;lmadders4g@seesaa.net;723;Female;eVTfKmxq
166;psillis4h;Prue;Sillis;psillis4h@ted.com;538;Genderfluid;hqZhN2iLn
167;slinsley4i;Stevana;Linsley;slinsley4i@google.com.br;202;Female;rqqEPjf7XWP
168;mrawls4j;Maxwell;Rawls;mrawls4j@webmd.com;500;Male;ELXsKcull
169;lmedway4k;Lynnell;Medway;lmedway4k@nature.com;313;Female;ayCO3oCVF7Lk
170;caldwich4l;Clayton;Aldwich;caldwich4l@cnbc.com;414;Male;wesAZ9
171;smelchior4m;Salome;Melchior;smelchior4m@tinypic.com;946;Female;1VYu94dC2dz
172;sswatheridge4n;Sebastiano;Swatheridge;sswatheridge4n@go.com;627;Genderqueer;Y8mkgUE
173;pchucks4o;Page;Chucks;pchucks4o@t.co;627;Female;dSWSnpWID
174;ccurle4p;Charin;Curle;ccurle4p@163.com;489;Female;3bDlxbyc
175;tyakobovicz4q;Thorny;Yakobovicz;tyakobovicz4q@ibm.com;139;Agender;XtleUmpP80G
176;ldaudray4r;Luce;Daudray;ldaudray4r@dell.com;212;Polygender;RuFCHvHPsi4X
177;aargyle4s;Axe;Argyle;aargyle4s@scientificamerican.com;422;Male;ylrjHfTxw
178;charper4t;Colleen;Harper;charper4t@fema.gov;469;Female;p92r9Ta7CR
179;njewes4u;Natalya;Jewes;njewes4u@economist.com;970;Female;KD6T77
180;hbrito4v;Hollyanne;Brito;hbrito4v@cbsnews.com;965;Bigender;8Od5HLfxS8
181;creggiani4w;Clemmy;Reggiani;creggiani4w@hatena.ne.jp;256;Male;P20Xq1wxO
182;bwotton4x;Benton;Wotton;bwotton4x@uol.com.br;875;Male;jWpdc5Fp8N
183;crizzelli4y;Cyrill;Rizzelli;crizzelli4y@rakuten.co.jp;487;Male;r7SIoXN2r62
184;mmcmanus4z;Madelle;McManus;mmcmanus4z@spotify.com;365;Female;tLaYsxfGi
185;bcocci50;Barnabe;Cocci;bcocci50@addtoany.com;365;Genderqueer;LBdJOhc
186;lcreamen51;Lou;Creamen;lcreamen51@ask.com;164;Male;yTDK6M1
187;jgrinishin52;Jenn;Grinishin;jgrinishin52@odnoklassniki.ru;319;Female;1BWroZt
188;hkelston53;Harper;Kelston;hkelston53@indiatimes.com;821;Agender;Wl4uOvG
189;mesome54;Meghann;Esome;mesome54@globo.com;701;Female;mnBYkOus
190;sbeddingham55;Steffane;Beddingham;sbeddingham55@altervista.org;512;Genderfluid;1HTvreb1
191;ktapner56;Krishnah;Tapner;ktapner56@yahoo.com;330;Agender;h6uoFFZ
192;dakeherst57;Debbi;Akeherst;dakeherst57@oaic.gov.au;255;Female;zv76Ho
193;awearing58;Aldwin;Wearing;awearing58@furl.net;595;Male;nay6FdBFTd
194;phurt59;Patrica;Hurt;phurt59@wikispaces.com;694;Female;4mL1hn32sl
195;tbudge5a;Taber;Budge;tbudge5a@youku.com;608;Male;Q8JW41G
196;hissett5b;Holly;Issett;hissett5b@auda.org.au;101;Male;5qlJHgMue
197;elehr5c;Eugenius;Lehr;elehr5c@reverbnation.com;326;Male;Fo3fTNqK
198;wmeenan5d;Westley;Meenan;wmeenan5d@geocities.com;304;Agender;77TgC7lFbu35
199;ptomaszek5e;Pat;Tomaszek;ptomaszek5e@nytimes.com;519;Male;y9xujkZcZOB
200;rmillership5f;Roberta;Millership;rmillership5f@pcworld.com;173;Female;3iFJhuzZP
201;ltaberner5g;Lilllie;Taberner;ltaberner5g@constantcontact.com;699;Female;utrOaS
202;slimerick5h;Saundra;Limerick;slimerick5h@cbc.ca;243;Male;BmAdP375IY
203;hdunnaway5i;Herschel;Dunnaway;hdunnaway5i@people.com.cn;641;Male;5lSPIg2t
204;nlocksley5j;Nestor;Locksley;nlocksley5j@globo.com;410;Male;gUcZ54
205;chagwood5k;Creigh;Hagwood;chagwood5k@4shared.com;439;Male;eAwiPPmtK
206;ngravestone5l;Nickie;Gravestone;ngravestone5l@usa.gov;623;Female;lQSXNN
207;cmccarroll5m;Clayson;McCarroll;cmccarroll5m@devhub.com;792;Polygender;Flg94i6
208;webdin5n;Wendell;Ebdin;webdin5n@oaic.gov.au;223;Male;svruXF
209;jranscome5o;Joyous;Ranscome;jranscome5o@feedburner.com;197;Female;7ghz1OhQfIIe
210;hhumphery5p;Hogan;Humphery;hhumphery5p@godaddy.com;276;Male;oDaGpUip
211;mbrumfitt5q;Mirabel;Brumfitt;mbrumfitt5q@huffingtonpost.com;574;Female;5FTRQxaA1
212;ccaulcott5r;Chelsey;Caulcott;ccaulcott5r@yellowpages.com;181;Female;64unYi8qWFjE
213;sorro5s;Sephira;Orro;sorro5s@google.cn;139;Female;gNmjlsek
214;mholstein5t;Marshal;Holstein;mholstein5t@pcworld.com;824;Male;3vO9PAzKy
215;tpattrick5u;Tonia;Pattrick;tpattrick5u@paypal.com;399;Female;16Dkpk2sHl9
216;ccoughlan5v;Caroljean;Coughlan;ccoughlan5v@upenn.edu;780;Female;Y1CH8umYyr
217;nred5w;Nick;Red;nred5w@nih.gov;263;Male;yId3s0iLV
218;thughson5x;Ted;Hughson;thughson5x@hexun.com;578;Genderqueer;LouuiimsfC
219;ahoy5y;Antonia;Hoy;ahoy5y@livejournal.com;105;Female;D1lWHWMZCk
220;qmcmechan5z;Quintus;Mc Mechan;qmcmechan5z@macromedia.com;504;Male;7qT0a77bD
221;fmcdaid60;Fairleigh;McDaid;fmcdaid60@spiegel.de;662;Male;cFxvImS46
222;rharrald61;Raychel;Harrald;rharrald61@umich.edu;219;Genderfluid;ziorK4a2tz
223;gfairham62;Garvin;Fairham;gfairham62@infoseek.co.jp;789;Male;FvzYktHVoh8
224;rbrumfield63;Rubina;Brumfield;rbrumfield63@friendfeed.com;434;Female;bZK5CdFN1m
225;mcavie64;Melosa;Cavie;mcavie64@cbsnews.com;184;Female;4RQGqy
226;hriby65;Herc;Riby;hriby65@aboutads.info;569;Male;mbOisUzcdFGC
227;tnapier66;Tabbie;Napier;tnapier66@apache.org;260;Female;LXVRvk
228;clanchbery67;Cyrille;Lanchbery;clanchbery67@cpanel.net;395;Male;OfnGSo7nXC0b
229;vtatterton68;Verena;Tatterton;vtatterton68@cisco.com;312;Female;8QmxBnH
230;calison69;Curtis;Alison;calison69@huffingtonpost.com;925;Male;5WmRBo
231;kdowney6a;Katie;Downey;kdowney6a@nationalgeographic.com;883;Female;HuCm0gZC
232;lolpin6b;Lexine;Olpin;lolpin6b@mayoclinic.com;810;Female;O48OYJMr9
233;cpadell6c;Chaddie;Padell;cpadell6c@slideshare.net;788;Male;87REl5Hr
234;cmacane6d;Ced;MacAne;cmacane6d@dyndns.org;450;Male;A1zFKU7QokH
235;vboniface6e;Vanny;Boniface;vboniface6e@globo.com;490;Female;sSSf6o
236;gkreber6f;Glad;Kreber;gkreber6f@opensource.org;728;Female;ZOAReElk65b
237;dwoolner6g;Dore;Woolner;dwoolner6g@redcross.org;903;Male;wOrzUehTBdwx
238;ccrosseland6h;Chaddie;Crosseland;ccrosseland6h@cbslocal.com;918;Male;OGXBM2
239;ncrowe6i;Nalani;Crowe;ncrowe6i@statcounter.com;427;Female;u1n7RnxW9Wa
240;rsall6j;Rosanna;Sall;rsall6j@qq.com;405;Female;lIYAeu
241;dgrigorian6k;De witt;Grigorian;dgrigorian6k@marriott.com;985;Male;CiifeM5HGmMd
242;romannion6l;Roderich;O'Mannion;romannion6l@sciencedirect.com;292;Male;4d4wt4jyx
243;pirnys6m;Percy;Irnys;pirnys6m@ameblo.jp;664;Male;wQYabrH
244;otimny6n;Otha;Timny;otimny6n@google.co.jp;268;Female;HdgopHBRLr2
245;igregs6o;Ignazio;Gregs;igregs6o@furl.net;847;Male;pO8y7QQUV4
246;ytocqueville6p;Yankee;Tocqueville;ytocqueville6p@wordpress.com;603;Male;TXlBaDk
247;smcgenn6q;Stanislaus;McGenn;smcgenn6q@ft.com;289;Male;4MYHmiXXSf
248;lskea6r;Lucita;Skea;lskea6r@nytimes.com;578;Female;0UEIPn3Uk
249;cmckee6s;Curcio;McKee;cmckee6s@furl.net;940;Male;UN6iR5LkS
250;cbaxstare6t;Corny;Baxstare;cbaxstare6t@com.com;870;Female;I20vBw4
251;mhenric6u;Marlie;Henric;mhenric6u@edublogs.org;645;Female;tC5Y8g7B
252;etrapp6v;Eartha;Trapp;etrapp6v@fema.gov;351;Female;JaL5YzD3hH
253;sfilson6w;Shea;Filson;sfilson6w@columbia.edu;910;Male;3bzaW3a9FDY
254;ktuxsell6x;Kelsey;Tuxsell;ktuxsell6x@google.de;135;Male;jD99NJsTYZt
255;rmcgeown6y;Rafa;McGeown;rmcgeown6y@macromedia.com;931;Female;E9xQFihXfF
256;cmathelon6z;Costa;Mathelon;cmathelon6z@comcast.net;176;Male;HzKOFjUsYQ2L
257;eattyeo70;Ezri;Attyeo;eattyeo70@indiatimes.com;218;Agender;2KgYyyC
258;fwarnes71;Fletch;Warnes;fwarnes71@xing.com;859;Male;7uDLZxRDn
259;stollady72;Sutherland;Tollady;stollady72@usatoday.com;522;Male;wbWhnOxm
260;alester73;Amelita;Lester;alester73@domainmarket.com;516;Female;VPBuZLpo
261;hgidman74;Hamilton;Gidman;hgidman74@squidoo.com;513;Male;IH213kN
262;cpeabody75;Caye;Peabody;cpeabody75@w3.org;723;Female;srueh3mVdu6
263;cgosse76;Carly;Gosse;cgosse76@mit.edu;570;Female;g7mCzT5dTM
264;lzoellner77;Laural;Zoellner;lzoellner77@so-net.ne.jp;670;Female;ZwmUf72m
265;ghammon78;Gloriana;Hammon;ghammon78@guardian.co.uk;481;Female;crYbmLUO
266;eguinane79;Elbertina;Guinane;eguinane79@ehow.com;811;Female;N9xmlO
267;mtuffrey7a;Maure;Tuffrey;mtuffrey7a@themeforest.net;499;Polygender;Te6YAmrkz9
268;mhuddy7b;Monroe;Huddy;mhuddy7b@uiuc.edu;634;Male;8rcposzzE
269;zgavin7c;Zitella;Gavin;zgavin7c@disqus.com;360;Female;JTd0t7d7
270;menders7d;Mair;Enders;menders7d@123-reg.co.uk;501;Agender;BzJVgJ7K6qp
271;fcomins7e;Francisco;Comins;fcomins7e@ucsd.edu;775;Male;Q4l6FIFkx4AD
272;knickels7f;Kahaleel;Nickels;knickels7f@odnoklassniki.ru;985;Male;0lC8K6eK2wCJ
273;rcarrabott7g;Reinold;Carrabott;rcarrabott7g@ycombinator.com;195;Male;1LhF1c8p
274;gtrencher7h;Gearalt;Trencher;gtrencher7h@networksolutions.com;127;Male;utQnkeK
275;apitway7i;Anders;Pitway;apitway7i@accuweather.com;875;Male;PQdVnjPo
276;stetsall7j;Shawnee;Tetsall;stetsall7j@washington.edu;328;Female;IKYz0xhT94L
277;gmunt7k;Gilly;Munt;gmunt7k@over-blog.com;155;Female;Ya1DydpO
278;ainott7l;Adaline;Inott;ainott7l@state.gov;826;Female;PeWGEMiCk
279;ebewley7m;Emmy;Bewley;ebewley7m@scribd.com;945;Male;wkYdWs
280;ljewel7n;Lilian;Jewel;ljewel7n@washington.edu;329;Female;E3TVhdfmEn6s
281;kcrownshaw7o;Karla;Crownshaw;kcrownshaw7o@webmd.com;230;Female;Pf2ISKbdzdg
282;kedler7p;Kenyon;Edler;kedler7p@ca.gov;810;Male;A5dVKPoBGT
283;psutworth7q;Pauline;Sutworth;psutworth7q@earthlink.net;186;Female;6dAqn8P
284;vcorpes7r;Vivi;Corpes;vcorpes7r@oakley.com;683;Female;dmBeiEo7M
285;gmckew7s;Gardie;McKew;gmckew7s@multiply.com;914;Male;DP97OZhKuNz
286;mvedeneev7t;Mickey;Vedeneev;mvedeneev7t@pcworld.com;315;Male;qENc1s
287;gwooding7u;Gael;Wooding;gwooding7u@shutterfly.com;744;Male;unobRgF9T
288;hblankhorn7v;Hobart;Blankhorn;hblankhorn7v@livejournal.com;674;Male;tNNCxv
289;cpermain7w;Cally;Permain;cpermain7w@yellowpages.com;961;Female;BCRcKutl
290;vtreske7x;Vic;Treske;vtreske7x@ucoz.com;201;Male;ZFnkNh
291;cdimitriev7y;Claudelle;Dimitriev;cdimitriev7y@illinois.edu;674;Female;aLtuChmJh2
292;hcalafato7z;Heidie;Calafato;hcalafato7z@istockphoto.com;489;Female;k5uPhuRfiP
293;hreims80;Helsa;Reims;hreims80@businessweek.com;665;Female;wQUEJamh
294;ledmenson81;Lyda;Edmenson;ledmenson81@merriam-webster.com;144;Female;P29RPOSyjV2
295;jwitherdon82;Jewelle;Witherdon;jwitherdon82@people.com.cn;900;Female;pZF7mz1
296;mbenda83;Marie-jeanne;Benda;mbenda83@narod.ru;516;Female;Mpq6oIlpfAF
297;fyuryshev84;Frasquito;Yuryshev;fyuryshev84@va.gov;286;Male;TIWLDJx
298;htolmie85;Humfrey;Tolmie;htolmie85@ucoz.com;685;Male;a0sFtGLqJP
299;tsummerlie86;Trever;Summerlie;tsummerlie86@blogger.com;167;Male;Cw4aMexUNv
300;hbrisseau87;Hynda;Brisseau;hbrisseau87@engadget.com;182;Female;9Ps5j1
301;bbennedsen88;Barron;Bennedsen;bbennedsen88@printfriendly.com;762;Non-binary;tuGmc7UhcJ
302;iurridge89;Iona;Urridge;iurridge89@admin.ch;822;Female;8Y5KiCWB
303;hpiggin8a;Hebert;Piggin;hpiggin8a@trellian.com;488;Genderfluid;bKF4TDBHN0l
304;civanovic8b;Camellia;Ivanovic;civanovic8b@mediafire.com;264;Genderqueer;XqhP9wunofGB
305;ocrawford8c;Ogden;Crawford;ocrawford8c@cdbaby.com;433;Male;woUAvX
306;nbury8d;Nessa;Bury;nbury8d@infoseek.co.jp;283;Female;GoyUBUu
307;lbamlett8e;Louisette;Bamlett;lbamlett8e@vkontakte.ru;260;Female;WxMUBA1Jh
308;jfontell8f;Jasen;Fontell;jfontell8f@about.me;547;Male;4wreAp
309;asaffrin8g;Allene;Saffrin;asaffrin8g@creativecommons.org;661;Female;6y8l8VZxu
310;tsiggins8h;Tessy;Siggins;tsiggins8h@cnet.com;365;Female;CVPaDiI
311;hcapener8i;Hart;Capener;hcapener8i@wufoo.com;715;Male;BatMMPCg3O6e
312;ocunradi8j;Ophelia;Cunradi;ocunradi8j@simplemachines.org;998;Female;iGVz0Lqd7Op
313;ddampney8k;Darby;Dampney;ddampney8k@purevolume.com;543;Female;MAFiXrMBUbUs
314;msillito8l;Michael;Sillito;msillito8l@opera.com;672;Male;DVtwTopjIYXY
315;squinane8m;Shay;Quinane;squinane8m@ameblo.jp;661;Male;rCaucdZBv
316;lmorsey8n;Leland;Morsey;lmorsey8n@pbs.org;728;Female;OaClLIW
317;mstatton8o;Muhammad;Statton;mstatton8o@wikipedia.org;785;Male;PoqbqIRX
318;tdacres8p;Terrell;Dacres;tdacres8p@marketwatch.com;402;Male;4GLIdlIKoK
319;etidbold8q;Enrico;Tidbold;etidbold8q@squidoo.com;327;Male;PTERP21uT
320;rbeardsworth8r;Randy;Beardsworth;rbeardsworth8r@reuters.com;600;Male;vU30yMyfXKgq
321;fperren8s;Fiorenze;Perren;fperren8s@archive.org;649;Genderfluid;8CV86tSLm
322;xlewnden8t;Xavier;Lewnden;xlewnden8t@desdev.cn;397;Male;8v6rl8g5
323;jcajkler8u;Joelly;Cajkler;jcajkler8u@paginegialle.it;667;Polygender;3EIb9302TZ
324;eprinnett8v;Elfreda;Prinnett;eprinnett8v@webmd.com;451;Female;SsCVt84dK5gW
325;neasterbrook8w;Nester;Easterbrook;neasterbrook8w@narod.ru;264;Male;5ZfGmEg0K
326;cavrahamy8x;Carlin;Avrahamy;cavrahamy8x@usnews.com;473;Male;iDaHilH9H
327;chubbold8y;Cicily;Hubbold;chubbold8y@msu.edu;283;Female;6rWfktw
328;padamowitz8z;Pam;Adamowitz;padamowitz8z@fotki.com;670;Female;wk1whc8Wr
329;lbarnardo90;Lannie;Barnardo;lbarnardo90@state.gov;650;Male;KkpsnI
330;regar91;Rossy;Egar;regar91@washingtonpost.com;223;Male;FHF6mrAP7tWe
331;mthorneloe92;Micheline;Thorneloe;mthorneloe92@amazon.co.uk;914;Female;Tihs3TtQingE
332;rlines93;Ruthie;Lines;rlines93@redcross.org;376;Female;sAnTL9o7P
333;gpischof94;Grantham;Pischof;gpischof94@si.edu;540;Male;9bMiQfO
334;cgostyke95;Claudine;Gostyke;cgostyke95@liveinternet.ru;700;Female;18Zg0x
335;gpickering96;Gaspard;Pickering;gpickering96@123-reg.co.uk;286;Male;uXgBmN4FWT
336;tbrendel97;Ted;Brendel;tbrendel97@purevolume.com;932;Male;6fN5Z1Ul
337;bscreen98;Barde;Screen;bscreen98@goo.ne.jp;404;Male;b08yDdL0
338;tkrzysztof99;Terrance;Krzysztof;tkrzysztof99@theglobeandmail.com;831;Male;b13E0G6
339;jdower9a;Johnathan;Dower;jdower9a@reddit.com;814;Male;9DkXN3ow
340;sbridgestock9b;Sheffield;Bridgestock;sbridgestock9b@howstuffworks.com;183;Male;uqYdZ1
341;ccasacchia9c;Cobbie;Casacchia;ccasacchia9c@1688.com;339;Male;HFSHZl
342;tpentycross9d;Tracie;Pentycross;tpentycross9d@moonfruit.com;517;Female;a4buZ7RYz7pU
343;wmacilwrick9e;Washington;MacIlwrick;wmacilwrick9e@baidu.com;718;Male;4wi2cRD93Z
344;jminthorpe9f;Jeniece;Minthorpe;jminthorpe9f@utexas.edu;208;Female;Qkwgj83
345;bkerne9g;Brod;Kerne;bkerne9g@networkadvertising.org;298;Male;nDeHkchyT
346;mtradewell9h;Marlon;Tradewell;mtradewell9h@blinklist.com;485;Male;DWpxj1xRjMOs
347;amuller9i;Andi;Muller;amuller9i@nature.com;929;Female;A1p7mmHa
348;fhamprecht9j;Fawn;Hamprecht;fhamprecht9j@devhub.com;892;Female;hB0wEG7xS
349;lgecks9k;Lamar;Gecks;lgecks9k@fc2.com;429;Male;nn0vnu
350;dhandke9l;David;Handke;dhandke9l@mapquest.com;549;Male;Qezmn4IJQgeN
351;bbowser9m;Bartolemo;Bowser;bbowser9m@washington.edu;162;Male;HJPJRkcejz
352;ekopje9n;Erich;Kopje;ekopje9n@dell.com;947;Male;9M6RhV57br
353;scutteridge9o;Sean;Cutteridge;scutteridge9o@hugedomains.com;318;Female;WijN2dR
354;bknuckles9p;Barclay;Knuckles;bknuckles9p@wp.com;609;Male;DKbFsPTBrkxl
355;dmorgans9q;Dalli;Morgans;dmorgans9q@yale.edu;461;Male;rHQO0q
356;pscullion9r;Peter;Scullion;pscullion9r@ucoz.com;692;Male;Zk7CMH6Nv
357;htabourel9s;Halette;Tabourel;htabourel9s@dmoz.org;942;Female;KRIcEKV6Its
358;bbrumhead9t;Byran;Brumhead;bbrumhead9t@pcworld.com;972;Male;U4OzicCj
359;teasseby9u;Trevar;Easseby;teasseby9u@latimes.com;700;Male;HEJuBwStrZew
360;jmaryott9v;Jorrie;Maryott;jmaryott9v@jigsy.com;264;Female;fE0Cl84Sx
361;rebbens9w;Ryan;Ebbens;rebbens9w@youtu.be;543;Male;Nc7E38oVEg
362;wgout9x;Willy;Gout;wgout9x@fastcompany.com;529;Female;L2vlq5
363;adaveran9y;Aggy;Daveran;adaveran9y@auda.org.au;351;Female;ZfLI9ERk3R
364;fgarnul9z;Fee;Garnul;fgarnul9z@soup.io;935;Male;8KUtq0B
365;svondracha0;Sybyl;Vondrach;svondracha0@qq.com;761;Female;dfBYtTTk
366;jtittaa1;Jemmie;Titta;jtittaa1@ow.ly;756;Female;ml1ZhDtwis
367;yneilanda2;Yuma;Neiland;yneilanda2@baidu.com;349;Male;ZB53DMSD
368;ssavidgea3;Stanton;Savidge;ssavidgea3@telegraph.co.uk;163;Male;mBQ4IV
369;jhanleya4;Jeremy;Hanley;jhanleya4@desdev.cn;277;Male;qeyyomBRmW3X
370;jmcquorkela5;Jo-ann;McQuorkel;jmcquorkela5@virginia.edu;287;Female;OXms3h0Li1
371;asollona6;Arlette;Sollon;asollona6@liveinternet.ru;916;Female;Z8q4D8yzhcr
372;dsoppa7;Dick;Sopp;dsoppa7@oracle.com;937;Male;9CKrffWBfTL
373;strevona8;Stacee;Trevon;strevona8@earthlink.net;669;Bigender;tymLCfGO7d
374;cvedyaeva9;Claudio;Vedyaev;cvedyaeva9@e-recht24.de;884;Male;eeUOAxiADer
375;npaschoaa;Nick;Pascho;npaschoaa@lycos.com;984;Male;UXR9pZvS
376;aoffenerab;Arielle;Offener;aoffenerab@webnode.com;958;Female;uZ7CZ8bmK5
377;jbalsomac;Jedediah;Balsom;jbalsomac@dailymail.co.uk;539;Male;IbhDiTS3vxot
378;ckibblead;Cynthy;Kibble;ckibblead@vinaora.com;953;Polygender;zPMCLPG
379;ctuckwoodae;Cristobal;Tuckwood;ctuckwoodae@psu.edu;463;Male;Dz8cDEcZK
380;kbarnewelleaf;Karlen;Barnewelle;kbarnewelleaf@latimes.com;207;Polygender;mb6v7A
381;mfeldbaumag;Maire;Feldbaum;mfeldbaumag@yolasite.com;446;Polygender;MxQtwUjVM
382;kleereah;Korney;Leere;kleereah@ow.ly;173;Female;WMtEXizZ
383;iraltonai;Isabelle;Ralton;iraltonai@nyu.edu;655;Female;Jpyv5WK
384;mluneyaj;Malissa;Luney;mluneyaj@cdbaby.com;945;Female;H19CzJc3U8
385;ostoutak;Oliviero;Stout;ostoutak@bloomberg.com;633;Male;sgD2Xxzp0
386;hsendleyal;Harman;Sendley;hsendleyal@dropbox.com;775;Male;ZUidYiS
387;bhinckleyam;Broddy;Hinckley;bhinckleyam@1688.com;926;Male;1ZrjTK9tbz
388;edomoneyan;Ethan;Domoney;edomoneyan@toplist.cz;251;Non-binary;zVtK8tEvfGc
389;abramfordao;Allina;Bramford;abramfordao@google.cn;135;Female;x4wmQInxCS99
390;rfernaoap;Ruprecht;Fernao;rfernaoap@umn.edu;955;Agender;yi6Msjjw
391;mseabrookeaq;Monte;Seabrooke;mseabrookeaq@sourceforge.net;713;Male;141F991
392;rswalesar;Rudd;Swales;rswalesar@trellian.com;723;Male;KP5cogd
393;erodgersas;Eb;Rodgers;erodgersas@google.ca;697;Male;rMWyVv
394;gmcfieat;Germaine;McFie;gmcfieat@oaic.gov.au;404;Male;5h2Li8x55l
395;etrevertonau;Elva;Treverton;etrevertonau@merriam-webster.com;231;Female;TH8LSFOtt7dD
396;talloisiav;Trix;Alloisi;talloisiav@elpais.com;849;Female;II1Z1AYPL
397;sweekeaw;Sidney;Weeke;sweekeaw@seattletimes.com;949;Male;PYhWebzDsf
398;rmcallesterax;Rossie;McAllester;rmcallesterax@purevolume.com;778;Male;Wk0RPMHk
399;lprewettay;Lennard;Prewett;lprewettay@360.cn;511;Male;NyzsLc
400;achismanaz;Ana;Chisman;achismanaz@statcounter.com;571;Female;sv2Ipg
401;folliffb0;Frederick;Olliff;folliffb0@exblog.jp;533;Male;CaUgBG4
402;iwhetherb1;Isabella;Whether;iwhetherb1@salon.com;516;Female;hZ45Ek
403;fcraighallb2;Fidelia;Craighall;fcraighallb2@washingtonpost.com;613;Female;Yxg5Wtl1
404;dlavingtonb3;Dorri;Lavington;dlavingtonb3@sourceforge.net;361;Female;go1Xf3y
405;pcorbittb4;Patrizio;Corbitt;pcorbittb4@pagesperso-orange.fr;448;Male;OoLm0hDoP
406;swortsb5;Sigismond;Worts;swortsb5@nydailynews.com;219;Male;mlJR51JA1xy
407;rmangeotb6;Robinia;Mangeot;rmangeotb6@php.net;218;Female;eaz4nT2syJ4
408;vdredgeb7;Vannie;Dredge;vdredgeb7@miitbeian.gov.cn;719;Female;fEK6Oplv9P
409;hduttb8;Herculie;Dutt;hduttb8@ustream.tv;249;Male;hU138JJ2J
410;eumbertb9;Efrem;Umbert;eumbertb9@ow.ly;536;Male;PjK2cLpt
411;cguyetba;Cale;Guyet;cguyetba@sciencedaily.com;780;Male;fVyj6y
412;sgonnellybb;Shaun;Gonnelly;sgonnellybb@edublogs.org;198;Male;4OdNJL
413;tforlongebc;Tab;Forlonge;tforlongebc@npr.org;316;Male;5OhuMWi
414;jbroosebd;Jessy;Broose;jbroosebd@google.co.jp;661;Female;CXnWRQz
415;tfilinkovbe;Thaddeus;Filinkov;tfilinkovbe@bigcartel.com;867;Male;eSwekhNYzTC
416;ksamarthbf;Kincaid;Samarth;ksamarthbf@amazon.co.jp;225;Male;dCzZAI
417;vjosefsohnbg;Valentine;Josefsohn;vjosefsohnbg@wsj.com;377;Female;WRtW0jY
418;ageevebh;Antoine;Geeve;ageevebh@mac.com;966;Male;y8kBP0c
419;zwarmanbi;Zsa zsa;Warman;zwarmanbi@imgur.com;759;Female;GslNBru
420;aprujeanbj;Alec;Prujean;aprujeanbj@nifty.com;346;Male;92wfdhsfo
421;rstanlickbk;Raviv;Stanlick;rstanlickbk@etsy.com;487;Male;Jcm50svGF
422;cdeathbl;Christiana;De'Ath;cdeathbl@google.nl;523;Female;vb4mv10qEx1
423;rrentollbm;Rebecka;Rentoll;rrentollbm@nba.com;545;Genderqueer;uT23gzSYsA
424;dlahivebn;Dougie;Lahive;dlahivebn@paypal.com;799;Male;05VyaoEVX
425;gsweenybo;Gussy;Sweeny;gsweenybo@desdev.cn;565;Female;ihY6nm8XlxI
426;gkenneybp;Gaylord;Kenney;gkenneybp@nbcnews.com;112;Male;mCMtuylPkzaS
427;zrampleybq;Zia;Rampley;zrampleybq@qq.com;709;Female;7b8nO1954K
428;vcawbr;Valentina;Caw;vcawbr@economist.com;779;Agender;5SgW1wUYx
429;ayellowleabs;Allina;Yellowlea;ayellowleabs@typepad.com;721;Female;w5noGoz1h7TE
430;mhaxleybt;Merline;Haxley;mhaxleybt@facebook.com;787;Female;gT88DUv
431;wbaddowbu;Whitby;Baddow;wbaddowbu@netlog.com;797;Male;btnrds1s
432;hcartmanbv;Honor;Cartman;hcartmanbv@yolasite.com;327;Female;Ffh2kkxnvZar
433;erumkebw;Ellissa;Rumke;erumkebw@cdbaby.com;770;Female;YOiAUcniotP
434;lvaneevbx;Lilia;Vaneev;lvaneevbx@github.io;158;Female;FNebtvcznF
435;tandricby;Tildi;Andric;tandricby@psu.edu;958;Genderfluid;jtnyGauOqa
436;ltripconybz;Luisa;Tripcony;ltripconybz@last.fm;390;Female;BB6QMC
437;mtewc0;Mace;Tew;mtewc0@ask.com;202;Male;UddFgsZG
438;ssibbec1;Stephana;Sibbe;ssibbec1@eepurl.com;719;Female;dhcBTitZHG
439;mpirriec2;Myrvyn;Pirrie;mpirriec2@infoseek.co.jp;940;Male;aLbgV4
440;ecornuc3;Eduino;Cornu;ecornuc3@lulu.com;756;Genderqueer;g8s6vt24
441;mdollc4;Marchall;Doll;mdollc4@soundcloud.com;463;Male;Ke8oisz
442;bpanterc5;Bartolemo;Panter;bpanterc5@wunderground.com;591;Male;8QM0XKB
443;bmastertonc6;Brien;Masterton;bmastertonc6@ca.gov;548;Agender;9cFaC12C8S
444;msapautonc7;Madelyn;Sapauton;msapautonc7@woothemes.com;621;Female;swp9IHbGW
445;umatuszakc8;Ursola;Matuszak;umatuszakc8@npr.org;565;Female;81pYrl
446;fcarmoc9;Franciskus;Carmo;fcarmoc9@fda.gov;376;Male;dN3zVdSRCUJ3
447;dmahaddieca;Dore;Mahaddie;dmahaddieca@google.it;599;Male;BD3rrQXh7
448;pdumelowcb;Paolina;Dumelow;pdumelowcb@cdbaby.com;576;Female;yTivkt7pRMZH
449;gguierrecc;Godart;Guierre;gguierrecc@comsenz.com;148;Male;ipH0nIUm2jV
450;sgladbeckcd;Shela;Gladbeck;sgladbeckcd@51.la;520;Female;95QrhSb
451;jbachshellce;Julius;Bachshell;jbachshellce@google.com.br;161;Male;oOIsYHhcO
452;pdeegincf;Phaidra;Deegin;pdeegincf@yolasite.com;138;Female;kT7WTD0XOx
453;lpeerlesscg;Leeann;Peerless;lpeerlesscg@nhs.uk;613;Female;HHZDXN1IGVd
454;cdymokech;Corbie;Dymoke;cdymokech@wired.com;756;Male;ZLzGc24rN6J0
455;enerhenyci;Even;Nerheny;enerhenyci@webnode.com;115;Male;V6ot3g2kGw
456;nbangercj;Nevile;Banger;nbangercj@xinhuanet.com;246;Male;8zLJYWE
457;kwillwoodck;Kelby;Willwood;kwillwoodck@ask.com;620;Male;t90AkeU2
458;srankinecl;Sal;Rankine;srankinecl@sourceforge.net;800;Male;ezQWqvs
459;hfitzsymonscm;Hermine;Fitzsymons;hfitzsymonscm@rediff.com;990;Bigender;MWFPoo2zCN
460;mnutkinscn;Milton;Nutkins;mnutkinscn@about.com;552;Male;aAhZRNM
461;djollissco;Dedra;Jolliss;djollissco@qq.com;921;Female;9sdobK
462;tdishmoncp;Tomi;Dishmon;tdishmoncp@twitpic.com;636;Genderqueer;iCbpMkr
463;fsepeycq;Fina;Sepey;fsepeycq@yelp.com;293;Female;wcV5pu
464;belwyncr;Barton;Elwyn;belwyncr@utexas.edu;671;Male;kaG4OZId4uyF
465;mbottjercs;Minerva;Bottjer;mbottjercs@soup.io;785;Female;fi0GME0ir
466;rforteyct;Reggis;Fortey;rforteyct@skype.com;366;Male;e6VdPKly72
467;msubhancu;Morlee;Subhan;msubhancu@seesaa.net;146;Male;NFINMkuP
468;lovisecv;Lauraine;Ovise;lovisecv@hc360.com;949;Female;0pIHQ4BzAmh
469;lfancetcw;Layne;Fancet;lfancetcw@moonfruit.com;174;Female;F0syJvUHhyq
470;kculverhousecx;Kathe;Culverhouse;kculverhousecx@jimdo.com;255;Female;iKp937W
471;tthurlbeckcy;Tanney;Thurlbeck;tthurlbeckcy@cnbc.com;721;Male;3Y7fqSS8
472;nphidgincz;Nanete;Phidgin;nphidgincz@storify.com;546;Female;1mGFV0hyOHg
473;skonerdingd0;Susanne;Konerding;skonerdingd0@unc.edu;308;Female;KFgK0s
474;sharringtond1;Sharline;Harrington;sharringtond1@marriott.com;721;Non-binary;kMXbaoi0Ki6G
475;kovenelld2;Kendricks;Ovenell;kovenelld2@addtoany.com;555;Male;Cu4Y5KljzzXw
476;bmowlamd3;Babita;Mowlam;bmowlamd3@prnewswire.com;877;Female;eAcDU0
477;srubroed4;Shaw;Rubroe;srubroed4@samsung.com;167;Male;2tCR98zPzX7w
478;kgeddisd5;Karalynn;Geddis;kgeddisd5@cyberchimps.com;628;Female;VsD2kq4hgHQl
479;mkellandd6;Margie;Kelland;mkellandd6@wp.com;980;Agender;HRL7KcV
480;rhurlestoned7;Rosa;Hurlestone;rhurlestoned7@google.fr;844;Female;a2ZCOx
481;dseallyd8;Damiano;Seally;dseallyd8@noaa.gov;181;Male;pBvfC9L
482;aduplaind9;Ardisj;Duplain;aduplaind9@home.pl;844;Female;YuXWr6jXq
483;imeekinsda;Isabeau;Meekins;imeekinsda@jugem.jp;728;Female;jy5SAbu
484;kjanovskydb;Keen;Janovsky;kjanovskydb@taobao.com;703;Male;WJegEB6i9o
485;bdonetdc;Bernetta;Donet;bdonetdc@fotki.com;911;Female;wOx0z2S
486;hstansbydd;Horton;Stansby;hstansbydd@xinhuanet.com;512;Male;OLYjojVs
487;cheigoldde;Cherise;Heigold;cheigoldde@amazonaws.com;499;Female;DDDAknfxSkks
488;pgarattydf;Portia;Garatty;pgarattydf@epa.gov;798;Female;VDBGcSar
489;nadessdg;Niccolo;Adess;nadessdg@blog.com;357;Male;CdoDGbW9tCq8
490;ldahledh;Lynett;Dahle;ldahledh@taobao.com;259;Polygender;yWfKsZ8
491;ekeechdi;Elsa;Keech;ekeechdi@1und1.de;386;Female;xv6cxOECi
492;dfoukxdj;Dugald;Foukx;dfoukxdj@ihg.com;327;Male;UVqCQr
493;rstonnelldk;Rhea;Stonnell;rstonnelldk@usnews.com;614;Female;4fNEnPBtG
494;bolczakdl;Barry;Olczak;bolczakdl@abc.net.au;376;Genderqueer;gyMMHF9
495;fastletdm;Fields;Astlet;fastletdm@woothemes.com;369;Male;KYwukyXKM
496;ebutnerdn;Evvie;Butner;ebutnerdn@house.gov;364;Female;Rtqb6dQZD
497;bminchintondo;Bart;Minchinton;bminchintondo@mac.com;776;Male;B6jRb7OG8
498;onafzgerdp;Onfre;Nafzger;onafzgerdp@mapy.cz;475;Male;btDuAuvFPRmF
499;xklugedq;Xymenes;Kluge;xklugedq@google.de;124;Male;RF8cD0bhLsK
500;glacelettdr;George;Lacelett;glacelettdr@t.co;884;Female;cabiyTwMbD
501;fcaretteds;Faustine;Carette;fcaretteds@aol.com;243;Female;I9pQanHQj
502;mkikkedt;Maddy;Kikke;mkikkedt@mayoclinic.com;238;Female;DaEgnc16Wo
503;acloutdu;Amery;Clout;acloutdu@amazon.co.jp;635;Male;lffQYG
504;ffussiedv;Federico;Fussie;ffussiedv@twitpic.com;139;Male;2rep28
505;mwiperdw;Marie-ann;Wiper;mwiperdw@psu.edu;694;Female;xHo6KCDxhg
506;smaxworthydx;Sada;Maxworthy;smaxworthydx@usda.gov;778;Female;wBZ3iT
507;amarqyesdy;Allie;Marqyes;amarqyesdy@usgs.gov;788;Female;Fx9eAgN2kPPi
508;abarrondz;Aviva;Barron;abarrondz@comcast.net;835;Female;vCcFUZn
509;dcanoe0;Dedie;Cano;dcanoe0@feedburner.com;309;Female;8VO2wOplM
510;hchisholmee1;Hedvig;Chisholme;hchisholmee1@trellian.com;344;Female;8vxyfXsCw4
511;washbye2;Wendye;Ashby;washbye2@unblog.fr;165;Female;PTKDQu6f1
512;rvaneschie3;Rolf;Vaneschi;rvaneschie3@blogger.com;337;Polygender;IUVl1FQ
513;knystrome4;Karel;Nystrom;knystrome4@phpbb.com;939;Female;1mDatQmdFQpS
514;cdawese5;Carly;Dawes;cdawese5@who.int;378;Female;TP1Hc6zTWDGs
515;kmarcame6;Kania;Marcam;kmarcame6@smugmug.com;876;Female;jzdZgQSiR
516;sdacthe7;Sanson;D'Acth;sdacthe7@icq.com;322;Male;ICHTdd
517;eorpine8;Elenore;Orpin;eorpine8@vinaora.com;788;Female;tc4j2HTd0
518;bpetteforde9;Barbra;Petteford;bpetteforde9@hp.com;600;Female;Xyiq6m
519;dbonannoea;Delcina;Bonanno;dbonannoea@discovery.com;210;Female;JyBMG2jn6T
520;lfairlieeb;Lalo;Fairlie;lfairlieeb@networkadvertising.org;718;Male;KHPaH68RgT
521;rcalenderec;Rosanna;Calender;rcalenderec@spotify.com;253;Female;BV2fApnGGG
522;aedgellered;Alaster;Edgeller;aedgellered@unc.edu;286;Male;7UKbJkA1bTH
523;fsatchee;Freddie;Satch;fsatchee@instagram.com;575;Male;7yqjkcbm6E
524;jcameronef;Joya;Cameron;jcameronef@reuters.com;553;Female;DZvie25
525;takenheadeg;Trstram;Akenhead;takenheadeg@typepad.com;262;Polygender;2R9WdqZu
526;gmerchanteh;Gilles;Merchant;gmerchanteh@com.com;147;Male;pN5SHSC24
527;sweinhamei;Susanetta;Weinham;sweinhamei@eventbrite.com;881;Agender;E9JzG10
528;hbenchej;Hendrick;Bench;hbenchej@moonfruit.com;582;Male;auimF9kUWDD
529;gbritoek;Giovanna;Brito;gbritoek@boston.com;650;Female;mQ40nP2
530;tstiffkinsel;Troy;Stiffkins;tstiffkinsel@alexa.com;860;Male;0jzg8kOfU
531;mhucklesbyem;Mace;Hucklesby;mhucklesbyem@pinterest.com;780;Male;eB6eGE4fHCpI
532;vyesinoven;Vere;Yesinov;vyesinoven@blinklist.com;537;Female;vaYf7LXbjfA4
533;cledgistereo;Caterina;Ledgister;cledgistereo@photobucket.com;362;Female;CkyVVfRYM
534;gpietzep;Gaynor;Pietz;gpietzep@google.co.uk;833;Female;6QMnLPFSZ2
535;ncousenseq;Neilla;Cousens;ncousenseq@imgur.com;852;Female;MIhCAaYh
536;cgillisoner;Correna;Gillison;cgillisoner@joomla.org;583;Female;8eRmPSYF4kF
537;whestropes;Winifred;Hestrop;whestropes@pbs.org;422;Female;BtOzaAiBq
538;vpreeet;Vitoria;Pree;vpreeet@biblegateway.com;443;Female;oqf83ayUR
539;aturbayneeu;Aldridge;Turbayne;aturbayneeu@mac.com;313;Male;DLm4eEH1BQ
540;amcshaneev;Allen;McShane;amcshaneev@shop-pro.jp;432;Male;QozWHzC4
541;nredgateew;Nora;Redgate;nredgateew@thetimes.co.uk;819;Female;armbLumkPpt
542;mhuntleyex;Mel;Huntley;mhuntleyex@google.co.uk;417;Male;gR2HmSRFf
543;dpooltoney;Dru;Poolton;dpooltoney@weibo.com;581;Male;TVlsFw
544;afruchonez;Ashley;Fruchon;afruchonez@businessinsider.com;707;Male;yNSgPOd
545;rbisikerf0;Randolf;Bisiker;rbisikerf0@prnewswire.com;752;Male;mYa9M5tRlqVm
546;mnezeyf1;Margaretta;Nezey;mnezeyf1@phoca.cz;599;Female;I67aTRWIbCi2
547;kdoodf2;Kurtis;Dood;kdoodf2@flickr.com;655;Male;rjO5sWHwv
548;zbuttersf3;Zak;Butters;zbuttersf3@bravesites.com;797;Male;BfXEWBZ
549;dstroderf4;De witt;Stroder;dstroderf4@freewebs.com;595;Bigender;Q3N4X7vc
550;bcouvertf5;Brittany;Couvert;bcouvertf5@wiley.com;732;Female;mhmZtqRtoKtL
551;trymerf6;Tobiah;Rymer;trymerf6@cbslocal.com;833;Male;wS9NWwsVs
552;scamelf7;Sigvard;Camel;scamelf7@epa.gov;785;Male;2ERy7K
553;fhuddlef8;Feliza;Huddle;fhuddlef8@jigsy.com;700;Non-binary;4RnLRbp
554;dferneleyf9;Deana;Ferneley;dferneleyf9@ted.com;670;Female;l8kbcgSrg29
555;dthorntonfa;Dallas;Thornton;dthorntonfa@mozilla.com;334;Genderqueer;iSh3cix
556;kwhitebreadfb;Klarrisa;Whitebread;kwhitebreadfb@g.co;192;Female;KALh9qE
557;jchamneyfc;Judas;Chamney;jchamneyfc@facebook.com;703;Male;3adQrB
558;abougenfd;Adeline;Bougen;abougenfd@latimes.com;309;Female;9tdtGAE
559;cantonazzife;Cyrill;Antonazzi;cantonazzife@youtube.com;546;Genderqueer;0Z5gN1
560;ddarcyff;Dyna;d'Arcy;ddarcyff@mediafire.com;221;Female;YeZSOfJqkO
561;sackwoodfg;Stepha;Ackwood;sackwoodfg@goo.gl;573;Female;mXpCtfy
562;bfeldsternfh;Bat;Feldstern;bfeldsternfh@timesonline.co.uk;503;Genderqueer;nztYPsb
563;rmorriartyfi;Ronald;Morriarty;rmorriartyfi@webeden.co.uk;264;Male;mDfKE1R
564;mvalekfj;Margaux;Valek;mvalekfj@marriott.com;489;Female;iRFIeK5PkO
565;bschollfk;Bret;Scholl;bschollfk@drupal.org;412;Male;k9k3ZH8jsYd
566;vsamsonsenfl;Virgina;Samsonsen;vsamsonsenfl@goo.ne.jp;434;Female;MzDgvhLjk8ES
567;djohantgesfm;Dallas;Johantges;djohantgesfm@unblog.fr;955;Female;yxfO2XOWsHk
568;ejennensfn;Edward;Jennens;ejennensfn@ox.ac.uk;934;Male;Py041J
569;sdevonportfo;Sidnee;Devonport;sdevonportfo@shareasale.com;193;Male;EB7RJd6
570;liglesiazfp;Lianna;Iglesiaz;liglesiazfp@blogs.com;583;Female;b57OvfBoxmQ
571;ujanssonfq;Ulrikaumeko;Jansson;ujanssonfq@cornell.edu;253;Female;Z5KMS5Bym2
572;kmcmanamenfr;Katey;McManamen;kmcmanamenfr@washingtonpost.com;156;Polygender;ycklEzBgq
573;mtomikfs;Marne;Tomik;mtomikfs@nationalgeographic.com;542;Female;0JnwWAF6L9na
574;edevericksft;Eddie;Devericks;edevericksft@hexun.com;576;Male;tZOLiF8
575;bgarcesfu;Bert;Garces;bgarcesfu@free.fr;760;Male;kFudRC
576;pnewlingfv;Padget;Newling;pnewlingfv@plala.or.jp;212;Male;pLQA2f
577;hivashechkinfw;Heidi;Ivashechkin;hivashechkinfw@symantec.com;799;Female;tLksV4QoJlg
578;sbourdasfx;Shepherd;Bourdas;sbourdasfx@mediafire.com;623;Male;7eT8dj2wFp
579;klacknerfy;Koralle;Lackner;klacknerfy@netscape.com;535;Female;JPtG3UHRL
580;ffortinfz;Flossie;Fortin;ffortinfz@360.cn;951;Female;CUPtNOz
581;acoronadog0;Aeriell;Coronado;acoronadog0@fc2.com;893;Female;w8NyYkk0fuHA
582;svenesg1;Sawyere;Venes;svenesg1@google.pl;132;Male;x0Dorq3
583;sboumphreyg2;Sandra;Boumphrey;sboumphreyg2@springer.com;284;Female;rcJUnymW
584;agabeg3;Ailyn;Gabe;agabeg3@indiegogo.com;192;Female;sYKR3aY
585;cleadsg4;Chrissie;Leads;cleadsg4@gov.uk;669;Male;JbmaJStVkN6
586;kbelliardg5;Karoly;Belliard;kbelliardg5@macromedia.com;615;Female;eADeFPFirfV
587;tgooldingg6;Tobit;Goolding;tgooldingg6@apple.com;185;Male;fIfVk1IogfKL
588;dgoldsong7;Derry;Goldson;dgoldsong7@nbcnews.com;440;Non-binary;d60q0jRQ
589;mmorriesong8;Michelina;Morrieson;mmorriesong8@merriam-webster.com;295;Female;sAmEhkbl77nG
590;dshireg9;Darcey;Shire;dshireg9@fema.gov;944;Female;xwYcWw0gM1W
591;mpauleyga;Milo;Pauley;mpauleyga@europa.eu;433;Male;BWm8PMXKRiG
592;ralejogb;Rachael;Alejo;ralejogb@youtu.be;682;Non-binary;AYVF3bL4P4
593;dcordeletgc;Dalenna;Cordelet;dcordeletgc@zdnet.com;252;Female;DwfD6hcbkVq3
594;ggoslandgd;Ginelle;Gosland;ggoslandgd@rakuten.co.jp;198;Genderfluid;YtqzMENXg
595;nbairstowge;Norry;Bairstow;nbairstowge@google.co.jp;998;Female;scN4aWyxnHW
596;gnizardgf;Garreth;Nizard;gnizardgf@nih.gov;545;Male;lSDRsMn2I8
597;trevancegg;Tabor;Revance;trevancegg@ocn.ne.jp;889;Male;1IsNQY4vX
598;badlemgh;Bert;Adlem;badlemgh@wikimedia.org;439;Male;r6ytbM4yddt
599;ybatistelligi;Yves;Batistelli;ybatistelligi@icio.us;213;Male;4pUM14jsMa
600;zarriguccigj;Zollie;Arrigucci;zarriguccigj@a8.net;609;Male;IYN8XokcXVo
601;xcharlwoodgk;Xylina;Charlwood;xcharlwoodgk@e-recht24.de;145;Female;Ey13FVqudZBC
602;lfilipovicgl;Legra;Filipovic;lfilipovicgl@nytimes.com;980;Polygender;9fg7R1cv
603;bknowlergm;Benedicta;Knowler;bknowlergm@rediff.com;920;Female;djzcC3R
604;jfowdengn;Joycelin;Fowden;jfowdengn@angelfire.com;210;Female;umsp66i
605;npimerickgo;Nissy;Pimerick;npimerickgo@drupal.org;538;Female;TTfgHyxr
606;mverickgp;Marjie;Verick;mverickgp@jiathis.com;582;Polygender;QcCI0yRGsAS
607;bbraidfordgq;Becca;Braidford;bbraidfordgq@cisco.com;720;Female;TCLDFgm
608;khauxleygr;Kalle;Hauxley;khauxleygr@soup.io;404;Male;gg2hDR
609;sglostergs;Solly;Gloster;sglostergs@intel.com;740;Male;ymTbAeiIH2
610;pivankovicgt;Philbert;Ivankovic;pivankovicgt@meetup.com;958;Male;AW4oc6jit
611;ctrimnellgu;Correy;Trimnell;ctrimnellgu@seattletimes.com;778;Male;OH4ffUL14cBs
612;mcalkingv;Meridith;Calkin;mcalkingv@webeden.co.uk;400;Bigender;8LCmy301JKP
613;jnibleygw;Jacquenette;Nibley;jnibleygw@exblog.jp;866;Genderfluid;SfYMAUakP
614;bpilmoorgx;Bryana;Pilmoor;bpilmoorgx@twitter.com;358;Female;eKCXBHRT4yO
615;icashmangy;Ida;Cashman;icashmangy@epa.gov;750;Female;s64ZywXtA
616;pbottrellgz;Peta;Bottrell;pbottrellgz@mashable.com;299;Female;42u0vRPx
617;wmoncreiffh0;Wilton;Moncreiff;wmoncreiffh0@acquirethisname.com;897;Male;6IAKtM
618;dgarnsworthyh1;Daile;Garnsworthy;dgarnsworthyh1@stanford.edu;913;Female;z5S7qgYILBtN
619;fbollomh2;Fern;Bollom;fbollomh2@nymag.com;860;Female;TJsfGXHBG
620;dflementh3;Davita;Flement;dflementh3@deliciousdays.com;119;Female;Dw298T6zpW
621;jlaffordh4;Josie;Lafford;jlaffordh4@newyorker.com;498;Non-binary;Zw3pm93kv
622;shallumsh5;Sela;Hallums;shallumsh5@ustream.tv;249;Female;j1EpRxCRfkt7
623;bsnowsillh6;Birgitta;Snowsill;bsnowsillh6@blinklist.com;665;Female;TZQtxmz
624;jpaulettih7;Jacintha;Pauletti;jpaulettih7@seattletimes.com;829;Bigender;oc8L4ltn
625;dneumannh8;Daphne;Neumann;dneumannh8@csmonitor.com;219;Genderfluid;6H651c8
626;cklinkh9;Chrisy;Klink;cklinkh9@163.com;173;Male;TDYwZPrWZ
627;ahaytonha;Arabella;Hayton;ahaytonha@newyorker.com;644;Female;pbTkhuB
628;wyeatshb;Willabella;Yeats;wyeatshb@mtv.com;142;Female;YBsA2hTeZO1
629;bparsallhc;Brianna;Parsall;bparsallhc@theatlantic.com;666;Female;Xqn56k
630;ngeorgeauhd;Nerti;Georgeau;ngeorgeauhd@wikia.com;600;Female;eZ8JuA
631;gflattehe;Gerhardt;Flatte;gflattehe@51.la;364;Male;Ls7UqgL06tl
632;kbartaluccihf;Katalin;Bartalucci;kbartaluccihf@amazon.co.uk;519;Female;PRZcTlx
633;rpantryhg;Reece;Pantry;rpantryhg@dion.ne.jp;571;Male;VUGkeHqUePE
634;ghartshornehh;Gerrie;Hartshorne;ghartshornehh@theglobeandmail.com;481;Female;Awe6Xt8TN
635;hgoodbairnhi;Herman;Goodbairn;hgoodbairnhi@tinypic.com;712;Male;TiKXJBgos0rG
636;ddunbobinhj;Dur;Dunbobin;ddunbobinhj@google.ca;653;Male;cwFNjcpsJ
637;cbroxholmehk;Cynthea;Broxholme;cbroxholmehk@google.it;874;Female;KtOiL6J
638;flarkingshl;Falito;Larkings;flarkingshl@indiegogo.com;188;Male;T83FaHapE3O
639;lsproathm;Lucio;Sproat;lsproathm@moonfruit.com;237;Male;WpH1Ew8
640;dgoodhallhn;Debra;Goodhall;dgoodhallhn@blogtalkradio.com;430;Female;9ETVPRDJR
641;mvreibergho;Mureil;Vreiberg;mvreibergho@stumbleupon.com;969;Female;QQea4a6v7p
642;mfawsonhp;Mac;Fawson;mfawsonhp@techcrunch.com;359;Male;guuvYQc
643;dsimnelhq;Darelle;Simnel;dsimnelhq@usgs.gov;187;Female;sg8oIL
644;hcarwithimhr;Hildy;Carwithim;hcarwithimhr@over-blog.com;157;Female;kMSeFd
645;mamorhs;Moselle;Amor;mamorhs@fda.gov;672;Female;zKvoFqzVh3
646;dgiddingsht;Des;Giddings;dgiddingsht@dell.com;695;Male;85f86FogPBCY
647;jbooteshu;Joanne;Bootes;jbooteshu@php.net;832;Polygender;TC9sKY
648;vclerkhv;Valli;Clerk;vclerkhv@ucoz.com;891;Female;c3x1drC8n
649;sheadechhw;Sibelle;Headech;sheadechhw@linkedin.com;832;Female;GyecCtYG
650;tlucashx;Thelma;Lucas;tlucashx@bigcartel.com;387;Female;NPLiDAu1TiV
651;sbellwardhy;Shaine;Bellward;sbellwardhy@trellian.com;568;Male;tmghPS9mX
652;gvasyutichevhz;Gustie;Vasyutichev;gvasyutichevhz@scientificamerican.com;723;Female;od6o7Nedces
653;jheustacei0;Josy;Heustace;jheustacei0@economist.com;650;Female;KvNrBZb7N
654;akerfodi1;Arnold;Kerfod;akerfodi1@tmall.com;448;Male;BEHora
655;emildenhalli2;Esteban;Mildenhall;emildenhalli2@mashable.com;562;Male;5nXRoYlst
656;lcowndleyi3;Larry;Cowndley;lcowndleyi3@forbes.com;904;Male;QtvSTXZ1DJ
657;ewellsi4;Ephraim;Wells;ewellsi4@gnu.org;536;Male;XqpzROb
658;gtallyni5;Guillemette;Tallyn;gtallyni5@artisteer.com;449;Female;xg2CsLzOQz
659;lbeldeni6;Lethia;Belden;lbeldeni6@sourceforge.net;245;Female;f47qskGli
660;bmaccaddiei7;Bobbe;Maccaddie;bmaccaddiei7@hugedomains.com;769;Female;BuvlDLmTZPKn
661;rbafordi8;Rheba;Baford;rbafordi8@ucoz.com;968;Female;LfjTMSCFs7
662;azanioloi9;Alexis;Zaniolo;azanioloi9@blogs.com;265;Male;6VRPXZqiF4s
663;bjaycoxia;Briny;Jaycox;bjaycoxia@skyrock.com;283;Female;JYlY4A
664;aegdalib;Alfred;Egdal;aegdalib@epa.gov;706;Male;LOL5M3q
665;lbedinhamic;Lesli;Bedinham;lbedinhamic@creativecommons.org;728;Female;WmNephF
666;bgrimwadid;Bobbie;Grimwad;bgrimwadid@senate.gov;643;Male;1jbLQhU98P
667;agirkie;Ainslie;Girk;agirkie@mysql.com;977;Female;9svnZiK3D
668;mpenrittif;Markus;Penritt;mpenrittif@seattletimes.com;493;Male;pbSKRR7DJp
669;egutchig;Eugenius;Gutch;egutchig@adobe.com;436;Genderfluid;XhHi1UCMrt
670;hpalserih;Homere;Palser;hpalserih@yellowpages.com;664;Male;fvy2kZ
671;jcatterallii;Jeannie;Catterall;jcatterallii@plala.or.jp;884;Female;vYE17k
672;mnannoniij;Marthena;Nannoni;mnannoniij@abc.net.au;906;Female;C1GL5tNJdVY
673;awinsparik;Alicea;Winspar;awinsparik@wsj.com;101;Female;YZyZZjc
674;rgrigorievil;Roy;Grigoriev;rgrigorievil@g.co;445;Male;jsf2IYppUzOl
675;ebardayim;Elston;Barday;ebardayim@answers.com;526;Male;6SuluEqa
676;jhudghtonin;Jilly;Hudghton;jhudghtonin@webs.com;279;Female;Iue04W
677;pwaiteio;Pietra;Waite;pwaiteio@globo.com;120;Female;UzX15B5XD
678;awennip;Andreana;Wenn;awennip@vimeo.com;411;Female;dHEhr79pb
679;gblayiq;Gaspard;Blay;gblayiq@com.com;533;Male;bOj5avXmnjYJ
680;wbrowningir;Wang;Browning;wbrowningir@pagesperso-orange.fr;315;Male;MvJpLBrG
681;chartzenbergis;Che;Hartzenberg;chartzenbergis@wikimedia.org;734;Male;fPhOaW0G20r
682;srigebyit;Shani;Rigeby;srigebyit@mac.com;123;Female;qZeYSkSi9
683;tgorseiu;Tabb;Gorse;tgorseiu@fc2.com;136;Male;jxZUn6aEWak
684;sleathleyiv;Serena;Leathley;sleathleyiv@ucoz.com;276;Female;BKwS7Rr
685;baikettiw;Buck;Aikett;baikettiw@uol.com.br;462;Male;OBgP43lH
686;abuchamix;Angela;Bucham;abuchamix@geocities.jp;450;Female;1yJqDNY
687;tseckingtoniy;Tamara;Seckington;tseckingtoniy@naver.com;502;Female;eYBRkK8pxm
688;mocrevyiz;Melony;O'Crevy;mocrevyiz@chicagotribune.com;138;Female;UQynuQsvFtI
689;bardernj0;Burg;Ardern;bardernj0@amazon.com;874;Male;LFfvfrPpfmBc
690;lmatej1;Lissi;Mate;lmatej1@disqus.com;293;Female;KIYGTd
691;lgoodfieldj2;Lula;Goodfield;lgoodfieldj2@shutterfly.com;476;Female;h1W0Vu7h
692;cohenehanj3;Carlota;O'Henehan;cohenehanj3@nytimes.com;656;Female;DGvgfJUeIOS
693;shurlstonj4;Sasha;Hurlston;shurlstonj4@nbcnews.com;710;Male;879opXrn
694;aleifj5;Abbi;Leif;aleifj5@instagram.com;569;Female;DOG04y
695;kbernotj6;Kimbra;Bernot;kbernotj6@a8.net;567;Female;fK84oPKW47
696;epedroccoj7;Earlie;Pedrocco;epedroccoj7@salon.com;442;Male;wnXq2BA8f
697;lkenfordj8;Lizabeth;Kenford;lkenfordj8@bizjournals.com;427;Female;BlHWMFbpxdu
698;ctoveyj9;Chuck;Tovey;ctoveyj9@skype.com;794;Genderqueer;xMCbUVT
699;nkillinerja;Neils;Killiner;nkillinerja@illinois.edu;613;Male;cRwyFkYu
700;cbonseyjb;Case;Bonsey;cbonseyjb@de.vu;684;Male;uMYK6r
701;jbortolettijc;Juliann;Bortoletti;jbortolettijc@vistaprint.com;815;Female;GZCfmEe0iT3
702;hcumberpatchjd;Hugues;Cumberpatch;hcumberpatchjd@so-net.ne.jp;187;Male;C1o613MC5m
703;rcrasswellerje;Robenia;Crassweller;rcrasswellerje@google.co.jp;358;Female;dVFfDPt7
704;khixsonjf;Kaiser;Hixson;khixsonjf@hubpages.com;780;Male;UvIxLtId
705;jfikejg;Jaimie;Fike;jfikejg@icio.us;814;Female;ZYo5B8hzqV
706;lrorkejh;Lyell;Rorke;lrorkejh@youtu.be;605;Male;MZta0DzmEfz
707;mdorsayji;Marsiella;D'orsay;mdorsayji@squarespace.com;973;Female;EMeRfyc
708;agossagejj;Anderea;Gossage;agossagejj@senate.gov;851;Female;TRHuo7V
709;bbelfeltjk;Brenden;Belfelt;bbelfeltjk@businesswire.com;528;Male;OEsSx9
710;dpohlsjl;Devon;Pohls;dpohlsjl@pagesperso-orange.fr;140;Female;yH29CBuK4v
711;ppullmanjm;Pamella;Pullman;ppullmanjm@unicef.org;587;Female;vnl8tRHJ
712;fhaseldinejn;Falkner;Haseldine;fhaseldinejn@europa.eu;304;Male;XAUb1qU
713;ndymokejo;Nanny;Dymoke;ndymokejo@cloudflare.com;188;Female;6oHW6P
714;ccamlinjp;Chrysa;Camlin;ccamlinjp@twitpic.com;937;Female;MU2H64L4qCU
715;btomeojq;Baxie;Tomeo;btomeojq@myspace.com;121;Male;KLBL3gmltY1
716;gtwigleyjr;Goldia;Twigley;gtwigleyjr@reddit.com;302;Bigender;UF2g5l
717;fbeenhamjs;Farly;Beenham;fbeenhamjs@cafepress.com;325;Male;6KGDfubB6
718;tyeldenjt;Thain;Yelden;tyeldenjt@apple.com;987;Male;qqgt4Qx
719;cconfortju;Charin;Confort;cconfortju@blog.com;434;Female;gQwQuaRvuu
720;hrecordjv;Hodge;Record;hrecordjv@sakura.ne.jp;367;Male;UWxWYh6n2ic
721;hdionisiijw;Harli;Dionisii;hdionisiijw@reverbnation.com;422;Female;iuAG7m15uVz
722;ttrewettjx;Trisha;Trewett;ttrewettjx@alexa.com;539;Female;W0xMq6
723;ahapkejy;Ashleigh;Hapke;ahapkejy@oakley.com;898;Female;nzMqXEcsyuTu
724;kleilejz;Kienan;Leile;kleilejz@rakuten.co.jp;642;Male;9OGkaTEkQScU
725;gcragoek0;Gypsy;Cragoe;gcragoek0@blinklist.com;797;Female;lrcUGhHasij
726;nbanasiakk1;Nichole;Banasiak;nbanasiakk1@free.fr;372;Female;x7mf3HON
727;eyaakovk2;Elianora;Yaakov;eyaakovk2@dyndns.org;859;Female;Fzgjt8CVoij
728;yhourstonk3;Yard;Hourston;yhourstonk3@yellowpages.com;670;Male;hVz0OWsj4S7X
729;bcawtherak4;Brooks;Cawthera;bcawtherak4@accuweather.com;358;Female;tTT1hpkuhHw
730;bestoilek5;Blancha;Estoile;bestoilek5@wix.com;418;Female;GMASwZTY2
731;hfishlyk6;Henry;Fishly;hfishlyk6@un.org;149;Male;gtHbLW
732;khabershawk7;Kaitlynn;Habershaw;khabershawk7@harvard.edu;403;Genderfluid;GXw9wHj4FtIC
733;jruzick8;Jaynell;Ruzic;jruzick8@vinaora.com;797;Female;mShPp6
734;escorahk9;Elaine;Scorah;escorahk9@prlog.org;300;Female;aE1Atzofh
735;brutgerska;Bron;Rutgers;brutgerska@cpanel.net;405;Male;M3U0ZSWp
736;lrousekb;Laurena;Rouse;lrousekb@sbwire.com;455;Female;jwk0SzgS
737;wsarsonkc;Wells;Sarson;wsarsonkc@netlog.com;263;Male;32r3Wa
738;blyneskd;Bar;Lynes;blyneskd@wisc.edu;573;Male;dD82rSCxDk5
739;ckarranke;Connor;Karran;ckarranke@nifty.com;648;Male;6P0afl0
740;bfingletonkf;Barn;Fingleton;bfingletonkf@ftc.gov;775;Male;z5mdcYY6tPfJ
741;bfairbeardkg;Bobette;Fairbeard;bfairbeardkg@virginia.edu;634;Female;5wzF5yS5s1Ln
742;jruddiforthkh;Jard;Ruddiforth;jruddiforthkh@craigslist.org;991;Male;H689pLdlX
743;fbeckeki;Filberte;Becke;fbeckeki@apache.org;780;Genderfluid;yYOgpafxnd1
744;akienlkj;Allx;Kienl;akienlkj@yale.edu;701;Female;p7fF68ZmpMWN
745;rbeckhousekk;Ringo;Beckhouse;rbeckhousekk@so-net.ne.jp;437;Male;aMTHQcvjh
746;codykl;Cameron;Ody;codykl@pinterest.com;166;Male;v1eSf5Y
747;kedgellerkm;Katinka;Edgeller;kedgellerkm@homestead.com;145;Female;58kcLizGn17v
748;btavernorkn;Basia;Tavernor;btavernorkn@friendfeed.com;364;Female;xmBNah9f
749;jcowplandko;Jamal;Cowpland;jcowplandko@canalblog.com;820;Male;DB5xeIvdMed
750;blandallkp;Brenn;Landall;blandallkp@ihg.com;157;Female;X2xHagfwTs0J
751;ahoggankq;Allina;Hoggan;ahoggankq@dyndns.org;702;Female;Y5KGGbeqr
752;fwolfferskr;Fredrika;Wolffers;fwolfferskr@symantec.com;680;Female;9jr5wWpR8cY
753;againesks;Archibald;Gaines;againesks@paypal.com;822;Male;WudRc56ipD1B
754;wriattkt;Waiter;Riatt;wriattkt@virginia.edu;491;Polygender;r3d94QGbHssJ
755;beacottku;Briano;Eacott;beacottku@blinklist.com;930;Male;pKW9lPJ4SHlC
756;bphebeekv;Bo;Phebee;bphebeekv@wunderground.com;637;Male;v3tnzl23tdF
757;kmcpharlainkw;Karine;McPharlain;kmcpharlainkw@google.fr;712;Bigender;fbCHiDyJJEP
758;sbestekx;Shalom;Beste;sbestekx@xinhuanet.com;945;Male;zJiw4WWFp
759;kseddonky;Kahlil;Seddon;kseddonky@reverbnation.com;233;Male;9ZjbvN7klZ
760;pkewkz;Pet;Kew;pkewkz@hibu.com;456;Female;FOAl5T
761;mcruddasl0;Mandel;Cruddas;mcruddasl0@bloglines.com;509;Male;TxAvpmDBqk
762;srantoull1;Sherman;Rantoul;srantoull1@a8.net;169;Male;n8dQRxiYaN
763;cpatzeltl2;Corbie;Patzelt;cpatzeltl2@phpbb.com;838;Male;5UxbNJ
764;fpenkethl3;Franciskus;Penketh;fpenkethl3@networkadvertising.org;817;Male;cPx9jf
765;lbointonl4;Lenee;Bointon;lbointonl4@about.com;271;Female;WBgzsqKD5Za
766;apoyzerl5;Abie;Poyzer;apoyzerl5@angelfire.com;351;Male;2WaUGa
767;elopezl6;Earl;Lopez;elopezl6@myspace.com;483;Male;dZzqPjYjSkG
768;ebridgwoodl7;Eleanore;Bridgwood;ebridgwoodl7@dmoz.org;855;Female;bZeBVh7
769;tsoall8;Trevar;Soal;tsoall8@cyberchimps.com;289;Male;qVLpwC2d
770;jrookel9;Joela;Rooke;jrookel9@dailymail.co.uk;433;Female;LgljSlOyKy
771;hatgerla;Hale;Atger;hatgerla@answers.com;639;Male;hNWJnok
772;chuotlb;Christye;Huot;chuotlb@deviantart.com;722;Female;zAoQAxa
773;fsanpherlc;Finlay;Sanpher;fsanpherlc@berkeley.edu;998;Male;6Up2xIOpKxV
774;llemerchantld;Linea;Le Merchant;llemerchantld@example.com;270;Female;ggZNG79n
775;mbeazeyle;Marget;Beazey;mbeazeyle@newyorker.com;129;Female;14DF95vRF48B
776;icotilardlf;Ingra;Cotilard;icotilardlf@surveymonkey.com;487;Male;RhraxlMe7
777;hwrennalllg;Hastings;Wrennall;hwrennalllg@discuz.net;789;Agender;PNLjsrG
778;croccalh;Crichton;Rocca;croccalh@quantcast.com;553;Male;L9dH6jYK
779;twessonli;Tildy;Wesson;twessonli@phpbb.com;915;Female;a9lQ7oN
780;mreedlj;Martin;Reed;mreedlj@aol.com;507;Male;TPLaMJrnBGxD
781;kdenslowlk;Kristoforo;Denslow;kdenslowlk@rambler.ru;919;Male;Jt9JX1
782;tchavell;Terrell;Chave;tchavell@ftc.gov;716;Male;Z0wiA2
783;jcoggonlm;Jonathon;Coggon;jcoggonlm@prnewswire.com;989;Male;czdyB7
784;ndreiniln;Niall;Dreini;ndreiniln@nih.gov;916;Male;PUqsXe7
785;gflannlo;Grenville;Flann;gflannlo@a8.net;356;Male;YyvDbvuuK
786;dhardeslp;Darsey;Hardes;dhardeslp@virginia.edu;141;Female;bGGG7Oy
787;efinlaysonlq;Emelen;Finlayson;efinlaysonlq@friendfeed.com;785;Male;dfQBP2rRDt
788;theimannlr;Terencio;Heimann;theimannlr@clickbank.net;801;Male;pg9W91p
789;jbabbsls;Julius;Babbs;jbabbsls@cocolog-nifty.com;138;Male;J6skJn
790;mcadgelt;Myrtice;Cadge;mcadgelt@nationalgeographic.com;837;Female;PRHMZu
791;jalderlu;Jana;Alder;jalderlu@nba.com;241;Female;wqomNL
792;fkymelv;Felix;Kyme;fkymelv@meetup.com;638;Male;dck4pp
793;vdorbinlw;Verine;Dorbin;vdorbinlw@zdnet.com;245;Female;9yyEeM
794;nfruddlx;Nahum;Frudd;nfruddlx@cam.ac.uk;727;Male;UmDDUoHht
795;ndooherly;Nickolai;Dooher;ndooherly@utexas.edu;169;Male;rWbfIxzRk
796;gchomleylz;Godart;Chomley;gchomleylz@privacy.gov.au;579;Male;fGgbsx
797;tgradlym0;Tedie;Gradly;tgradlym0@china.com.cn;318;Male;U2J0hch85U
798;mjordonm1;Meghann;Jordon;mjordonm1@blinklist.com;479;Female;Ik02rx
799;wbertinm2;Wain;Bertin;wbertinm2@rediff.com;492;Male;l8Cg5x
800;mlinwoodm3;Merv;Linwood;mlinwoodm3@about.me;697;Male;iRI3nIHgaEn
801;cghirigorim4;Cassius;Ghirigori;cghirigorim4@cafepress.com;355;Genderqueer;Yha4LgLU
802;cspybym5;Caleb;Spyby;cspybym5@naver.com;355;Male;yCEyf5
803;nkilpinm6;Nollie;Kilpin;nkilpinm6@dot.gov;977;Male;MVYQq8j9lt2W
804;afildesm7;Alfi;Fildes;afildesm7@sciencedaily.com;871;Non-binary;qSO5t1
805;gbryantm8;Gwyneth;Bryant;gbryantm8@163.com;501;Bigender;uMi3Nqkp
806;hrobbem9;Haze;Robbe;hrobbem9@delicious.com;579;Male;d1XfdddIbn7
807;igreenlyma;Iris;Greenly;igreenlyma@va.gov;103;Female;2w9QkfTk
808;tkamienmb;Thedric;Kamien;tkamienmb@themeforest.net;741;Male;UvRedkk
809;estrongmanmc;Elise;Strongman;estrongmanmc@prlog.org;497;Female;T3HvweQ
810;rklugmd;Rudie;Klug;rklugmd@devhub.com;989;Male;NgTHK08OT
811;gbatalleme;Goddard;Batalle;gbatalleme@shutterfly.com;201;Male;RfBNNWKXHZ6
812;twigzellmf;Thorn;Wigzell;twigzellmf@amazon.com;593;Male;N9gKTWtX
813;ecannmg;Egbert;Cann;ecannmg@slate.com;455;Male;UbYOZpvl3cLo
814;lvignalmh;Lanna;Vignal;lvignalmh@privacy.gov.au;983;Female;bzqHU8DU2qu2
815;sduhigmi;Sandra;Duhig;sduhigmi@seesaa.net;894;Female;ETw1ciQBoTM
816;jpalleymj;Justina;Palley;jpalleymj@com.com;715;Female;8VcQtvZLFZAR
817;nsnowdingmk;Noe;Snowding;nsnowdingmk@aboutads.info;507;Male;XIcehICKUvb
818;habramskiml;Haslett;Abramski;habramskiml@shinystat.com;373;Male;qoRtrOnYq
819;kmethmm;Kerby;Meth;kmethmm@reddit.com;664;Male;wyKw8KU4K
820;cmcallenmn;Cyrille;McAllen;cmcallenmn@wikispaces.com;545;Bigender;dj20fcM5W
821;wkullmo;Wilfred;Kull;wkullmo@paginegialle.it;439;Male;uqb1GaK
822;kmolfinomp;Kania;Molfino;kmolfinomp@arizona.edu;954;Female;AsTqjFset
823;blarawaymq;Britte;Laraway;blarawaymq@elpais.com;893;Female;rd4ZZqS
824;kewellsmr;Kittie;Ewells;kewellsmr@wix.com;592;Female;2hMrsz
825;mknollerms;Monty;Knoller;mknollerms@sourceforge.net;413;Male;UMQ2gdR36o
826;fcasinomt;Fonsie;Casino;fcasinomt@marriott.com;308;Male;zK6qI0Zm
827;arogermu;Alley;Roger;arogermu@who.int;801;Male;2hpSuzewwK
828;mstenningmv;Martin;Stenning;mstenningmv@virginia.edu;158;Male;5es1gwRLX
829;slarivemw;Sibyl;Larive;slarivemw@guardian.co.uk;791;Male;JcvWtwbb8uW
830;fmeenehanmx;Freida;Meenehan;fmeenehanmx@vinaora.com;268;Female;4ROwuh28b8NT
831;tpercevalmy;Tremain;Perceval;tpercevalmy@army.mil;872;Male;aEpjG8eadZD
832;kairemz;Keary;Aire;kairemz@merriam-webster.com;387;Male;rWZxZY
833;oamesn0;Osborne;Ames;oamesn0@msn.com;250;Genderqueer;Mk5F4P2F
834;lstaddomn1;Levey;Staddom;lstaddomn1@instagram.com;391;Male;kyL6t4ngsA9Z
835;nmcquillinn2;Nilson;McQuillin;nmcquillinn2@omniture.com;322;Male;KqO8BvNO
836;cbourchiern3;Chandra;Bourchier;cbourchiern3@forbes.com;271;Female;lGde9gitjPQ
837;aogormallyn4;Ania;O'Gormally;aogormallyn4@npr.org;674;Female;mizYj9
838;rashingdenn5;Robbert;Ashingden;rashingdenn5@stanford.edu;322;Male;RlKLEeWfrkFo
839;khoonahann6;Karlene;Hoonahan;khoonahann6@npr.org;258;Genderfluid;jKmxY1Eq
840;fchildn7;Flor;Child;fchildn7@stumbleupon.com;414;Female;3Lu1pAs52v
841;smumbyn8;Sheilah;Mumby;smumbyn8@telegraph.co.uk;278;Female;FIULekjF6DI
842;chiddsleyn9;Colas;Hiddsley;chiddsleyn9@ow.ly;441;Male;zekSSe
843;ekilgourna;Emlyn;Kilgour;ekilgourna@msu.edu;993;Male;nG1TpnHC
844;mrentznb;My;Rentz;mrentznb@php.net;759;Male;TYuIB1
845;mcastanhonc;Micheil;Castanho;mcastanhonc@yahoo.co.jp;223;Male;5kuoVZSeP4E
846;iwiltshearnd;Ivory;Wiltshear;iwiltshearnd@shutterfly.com;876;Female;BjYfeJJoxy
847;jempsonne;Jilleen;Empson;jempsonne@example.com;755;Bigender;f1NFGtt
848;swalshnf;Sadye;Walsh;swalshnf@princeton.edu;916;Female;MEScas2x
849;ewitteyng;Elaine;Wittey;ewitteyng@so-net.ne.jp;721;Female;Xa5Hn1w0M
850;tgarmannh;Taylor;Garman;tgarmannh@washingtonpost.com;933;Male;TttDGr
851;truncieni;Tammy;Runcie;truncieni@yale.edu;120;Female;Z6KehW
852;hgazzardnj;Hardy;Gazzard;hgazzardnj@eepurl.com;734;Male;C13VClb
853;hrowlattnk;Hunt;Rowlatt;hrowlattnk@1und1.de;527;Male;tKgulFMCuk
854;jcolleernl;Jonie;Colleer;jcolleernl@sun.com;612;Female;uTzNbaV
855;rnethercliftnm;Robin;Netherclift;rnethercliftnm@stanford.edu;130;Female;X7YTA3
856;kspriggennn;Kenny;Spriggen;kspriggennn@washingtonpost.com;579;Male;kdMc5481my9
857;anorthingno;Avram;Northing;anorthingno@usda.gov;740;Male;D7Xy7ZG
858;wdiscombenp;Wendeline;Discombe;wdiscombenp@yandex.ru;314;Female;ubadPq2Lcnjw
859;amenichinq;Albertina;Menichi;amenichinq@creativecommons.org;921;Female;OHRN4ktHYtt
860;durlingnr;Dur;Urling;durlingnr@ifeng.com;547;Male;CVaIohlaX
861;ldodameadns;Lutero;Dodamead;ldodameadns@shareasale.com;192;Male;0FyrP9WNvb
862;hboddingtonnt;Hoebart;Boddington;hboddingtonnt@samsung.com;791;Male;LmrBLN87
863;klegannu;Kati;Legan;klegannu@google.es;557;Female;e6216glf
864;ddannohlnv;Darla;Dannohl;ddannohlnv@tinyurl.com;872;Female;NsMsTvfTEwB
865;ytetlanw;Yvonne;Tetla;ytetlanw@npr.org;257;Female;8J19ztolkdD
866;cfaussetnx;Culley;Fausset;cfaussetnx@storify.com;488;Genderfluid;G4CzkeU
867;cricardsny;Ced;Ricards;cricardsny@weibo.com;931;Male;WzBPl77
868;tfortesquieunz;Tam;Fortesquieu;tfortesquieunz@de.vu;806;Male;YPI3ZQNwAIkp
869;cgallopo0;Coleman;Gallop;cgallopo0@hugedomains.com;319;Male;G7wB9DYp
870;jblavero1;Jodi;Blaver;jblavero1@deviantart.com;624;Female;Oe1KTw2
871;cantonionio2;Crista;Antonioni;cantonionio2@umich.edu;205;Female;1vz5dMMh
872;atudoro3;Alano;Tudor;atudoro3@tuttocitta.it;674;Male;aUSxIXxc23
873;kbalwino4;Katey;Balwin;kbalwino4@webeden.co.uk;116;Female;3u5uanuJLA
874;cmariano5;Callean;Marian;cmariano5@webnode.com;359;Male;YTD1t9
875;abarnwallo6;Aleksandr;Barnwall;abarnwallo6@dion.ne.jp;431;Bigender;G6M9CvmX
876;kewano7;Kareem;Ewan;kewano7@usgs.gov;552;Male;6TDoMBjMMe7
877;mmasseyo8;Melinde;Massey;mmasseyo8@ehow.com;658;Genderfluid;7kFpfR0XpZKb
878;owasmero9;Orel;Wasmer;owasmero9@elpais.com;729;Female;YJRWB3Z
879;ktorraoa;Kathryn;Torra;ktorraoa@e-recht24.de;648;Female;9BOyvZ5xUx0h
880;ctreaceob;Cari;Treace;ctreaceob@msn.com;872;Female;9O1JDfHRT
881;oluggaroc;Olenolin;Luggar;oluggaroc@google.ru;575;Male;GvIjWaRQ1w3
882;nraviliousod;Norrie;Ravilious;nraviliousod@gmpg.org;312;Female;T1Ci6D3etThL
883;fgeroldinioe;Faye;Geroldini;fgeroldinioe@addtoany.com;118;Female;oWvLe1P61
884;trecordsof;Thoma;Records;trecordsof@cisco.com;380;Male;Bl2JQbzc
885;gattenbroughog;Genny;Attenbrough;gattenbroughog@hibu.com;908;Female;sFihcelLM60
886;gellinoh;Giselbert;Ellin;gellinoh@nifty.com;509;Male;SnrWopbrq
887;zillemoi;Zed;Illem;zillemoi@squarespace.com;533;Male;2gL9xmq0
888;fcowleoj;Fredric;Cowle;fcowleoj@comcast.net;208;Agender;v5B6Yv43
889;dtarpeyok;Diane-marie;Tarpey;dtarpeyok@patch.com;205;Female;ksttNk
890;mmulhillol;Marwin;Mulhill;mmulhillol@ycombinator.com;141;Male;4G3zv7
891;lsteelsom;Lezlie;Steels;lsteelsom@mlb.com;240;Female;Yh8wTl80
892;obuglaron;Osborne;Buglar;obuglaron@statcounter.com;535;Male;TH2HvtbxTrtZ
893;ttenpennyoo;Tull;Tenpenny;ttenpennyoo@list-manage.com;458;Male;CknO3v
894;erockhillop;Egon;Rockhill;erockhillop@joomla.org;997;Male;63cAC7gaPJn
895;aevensdenoq;Ahmad;Evensden;aevensdenoq@springer.com;722;Male;z2xf4QA0
896;tpettyfaror;Tori;Pettyfar;tpettyfaror@ucsd.edu;643;Female;sjcvSMej
897;jrenneos;Jacobo;Renne;jrenneos@marketwatch.com;818;Male;HMb4CFYf
898;tsullivanot;Terrence;Sullivan;tsullivanot@networkadvertising.org;612;Male;TvXGWIAh8
899;hmcduffyou;Hank;McDuffy;hmcduffyou@printfriendly.com;457;Male;xA3B6GEzSva
900;rhallamov;Randall;Hallam;rhallamov@sciencedirect.com;512;Agender;kU9C5AKogk9
901;csyselandow;Cyndia;Syseland;csyselandow@npr.org;642;Female;BeVKYy2
902;kalwoodox;Kendall;Alwood;kalwoodox@sfgate.com;496;Non-binary;VZbTfMFYMd
903;nbauduinoy;Nelly;Bauduin;nbauduinoy@netvibes.com;576;Female;f8Mziblvynsv
904;mrevieoz;Moselle;Revie;mrevieoz@addthis.com;714;Female;2zFXBxWtN0
905;chowesp0;Cosmo;Howes;chowesp0@nsw.gov.au;907;Male;BCowZwKw
906;mmingetp1;Mikol;Minget;mmingetp1@webmd.com;987;Male;azYyADb3XU
907;beskriggep2;Burg;Eskrigge;beskriggep2@amazon.de;537;Male;7xhcH3mN
908;ogentyp3;Odilia;Genty;ogentyp3@google.co.uk;863;Female;oR7zxXlZi
909;ygritskovp4;Yule;Gritskov;ygritskovp4@slashdot.org;655;Male;2KQwgQz28IV
910;tabbattp5;Tymothy;Abbatt;tabbattp5@samsung.com;431;Male;D9LQ4C1
911;ltrollopep6;Lemmy;Trollope;ltrollopep6@google.fr;786;Male;Y2ysSYR
912;ytullethp7;Yvor;Tulleth;ytullethp7@businessinsider.com;926;Male;0lVKjJbM
913;whovertp8;Wilfrid;Hovert;whovertp8@meetup.com;137;Male;zJ2FTdse
914;kmaccheynep9;Karalynn;MacCheyne;kmaccheynep9@ask.com;734;Female;0aSQLQJzpxJ
915;scasfordpa;Sunshine;Casford;scasfordpa@rambler.ru;381;Female;PbQZURNEJ
916;cfaudriepb;Caritta;Faudrie;cfaudriepb@devhub.com;118;Female;L02tsn4dx3
917;ggarettpc;Gardiner;Garett;ggarettpc@parallels.com;122;Male;vxrwbfeDo
918;hparnallpd;Hebert;Parnall;hparnallpd@mozilla.com;739;Male;xA4fQMFQX
919;gnewhousepe;Gert;Newhouse;gnewhousepe@wikimedia.org;720;Female;wTyKxcO6FFg8
920;abellordpf;Ashly;Bellord;abellordpf@nyu.edu;418;Female;3ON2Zp8c2A
921;bsimenelpg;Brion;Simenel;bsimenelpg@feedburner.com;879;Male;jV0JPOfaTSI
922;sizhakph;Shantee;Izhak;sizhakph@ifeng.com;386;Female;rIvvEClgNkq
923;fnozzoliniipi;Fanchon;Nozzolinii;fnozzoliniipi@paginegialle.it;608;Female;77NaWwtV3
924;mreadwinpj;Minerva;Readwin;mreadwinpj@dagondesign.com;362;Female;ExKOQX
925;tseacombepk;Tildy;Seacombe;tseacombepk@ca.gov;565;Female;4xAmIA
926;pbloypl;Park;Bloy;pbloypl@ucoz.ru;701;Male;UHuHTG
927;nsunshinepm;Noam;Sunshine;nsunshinepm@a8.net;696;Male;SsNKmMzL5
928;mlarawaypn;Marjie;Laraway;mlarawaypn@patch.com;430;Female;rLq4wAIMHyq
929;tbenkopo;Tucky;Benko;tbenkopo@irs.gov;302;Male;8JiJlqi00tB
930;dspellacypp;Dorree;Spellacy;dspellacypp@utexas.edu;698;Female;nXfcg9hwQp
931;mfeldfisherpq;Mae;Feldfisher;mfeldfisherpq@fotki.com;410;Female;3MXqck0D5U
932;tfraneypr;Tobias;Franey;tfraneypr@census.gov;951;Male;1LOvSe
933;llebrunps;Leyla;Le Brun;llebrunps@elpais.com;913;Female;DyE1OumtnSJ
934;jwellwoodpt;Janessa;Wellwood;jwellwoodpt@jugem.jp;460;Female;95XTSf0h
935;rloffelpu;Roderick;Loffel;rloffelpu@tinypic.com;584;Male;hQv9JB0
936;afriattpv;Augusto;Friatt;afriattpv@linkedin.com;593;Male;5kuNCTQix
937;mblindepw;Murdock;Blinde;mblindepw@wikimedia.org;547;Male;9TwZdf
938;gmecchipx;Georgy;Mecchi;gmecchipx@harvard.edu;242;Male;eI3RPsnlhzzL
939;hadshedpy;Horacio;Adshed;hadshedpy@msn.com;554;Male;OpXEan
940;bstigglespz;Base;Stiggles;bstigglespz@baidu.com;484;Male;6BlBhxZM8v7
941;krehnq0;Kincaid;Rehn;krehnq0@dedecms.com;524;Male;1aOlxA
942;ksummerrellq1;Katherine;Summerrell;ksummerrellq1@prlog.org;491;Female;nUUPpbtU8u4
943;cbrazenerq2;Claudell;Brazener;cbrazenerq2@sbwire.com;249;Male;U2AplV5k5
944;welsieq3;Willetta;Elsie;welsieq3@ucoz.com;893;Agender;f7cSA2I93w
945;aspinneyq4;Ainslee;Spinney;aspinneyq4@patch.com;237;Female;KkOOoMB
946;hrubbertsq5;Heindrick;Rubberts;hrubbertsq5@goo.gl;935;Male;P7P7NbCZ
947;mpersenceq6;Maryellen;Persence;mpersenceq6@flavors.me;540;Female;mSVgDvbwk
948;lemmaq7;Leighton;Emma;lemmaq7@bloglines.com;681;Male;qHl97b
949;bnathonq8;Brunhilde;Nathon;bnathonq8@hostgator.com;415;Genderfluid;uOHlk4
950;msidaryq9;Merline;Sidary;msidaryq9@privacy.gov.au;646;Female;SVkqCKOU7
951;jmereweatherqa;Justis;Mereweather;jmereweatherqa@ovh.net;969;Male;ibmbIJZk
952;ablackeyqb;Analise;Blackey;ablackeyqb@cyberchimps.com;436;Female;cJdY5hhnEFxo
953;mebbensqc;Miranda;Ebbens;mebbensqc@jigsy.com;582;Genderqueer;HcUDCiw0mP2U
954;prosenbaumqd;Pascal;Rosenbaum;prosenbaumqd@quantcast.com;442;Male;I6ULAAN2a
955;kferreiraqe;Kaycee;Ferreira;kferreiraqe@comsenz.com;551;Female;TyXgZtF3gETq
956;kkhotlerqf;Krissy;Khotler;kkhotlerqf@bizjournals.com;845;Female;Fh7f2n6m
957;bortlerqg;Barbe;Ortler;bortlerqg@reuters.com;804;Female;afWyXZ1tg
958;xflasbyqh;Xena;Flasby;xflasbyqh@blogs.com;607;Genderqueer;Z7vBlcyN
959;smacdiarmidqi;Sherri;MacDiarmid;smacdiarmidqi@jugem.jp;444;Female;hxdVu4O
960;gsimonotqj;Gideon;Simonot;gsimonotqj@weebly.com;996;Male;Bp6tndq
961;lletteresseqk;Lowell;Letteresse;lletteresseqk@weibo.com;364;Male;EV90BBEgX
962;ksummersettql;Kerwin;Summersett;ksummersettql@umich.edu;273;Male;DNxDd2f
963;lmadginqm;Leigh;Madgin;lmadginqm@telegraph.co.uk;872;Female;JuaJqBV5ek
964;mdaymontqn;Mathilda;Daymont;mdaymontqn@cbc.ca;829;Female;eeZfJ00
965;mstodhartqo;Marney;Stodhart;mstodhartqo@cnet.com;870;Female;Xbj0JDM
966;nbaudassoqp;Nananne;Baudasso;nbaudassoqp@mapy.cz;829;Female;MgvVpd99WR
967;bbroschqq;Berkley;Brosch;bbroschqq@blinklist.com;554;Male;wFQciCffbV
968;ihysomqr;Ivan;Hysom;ihysomqr@printfriendly.com;450;Male;mYLUSPeV1v
969;cshieberqs;Care;Shieber;cshieberqs@dailymotion.com;532;Male;CayjlfbBw
970;lprandiniqt;Laurice;Prandini;lprandiniqt@typepad.com;376;Female;o691xCuou
971;jchestneyqu;Jeannette;Chestney;jchestneyqu@nytimes.com;932;Female;3UasHe0p9idd
972;hcurrorqv;Hyacinth;Curror;hcurrorqv@apple.com;910;Female;oko5ZUA
973;ltardiffqw;Lorri;Tardiff;ltardiffqw@nyu.edu;238;Female;x09YhGIcV
974;cpeplayqx;Carline;Peplay;cpeplayqx@histats.com;791;Polygender;yrXDX9Sdxfu
975;dschoenfischqy;Domeniga;Schoenfisch;dschoenfischqy@constantcontact.com;816;Female;w1HhsI
976;zadeyqz;Zia;Adey;zadeyqz@alexa.com;946;Female;SAQMrB2mY
977;vbutlerbowdonr0;Vera;Butler-Bowdon;vbutlerbowdonr0@patch.com;888;Female;FEWXeMxtD88
978;abalshawr1;Aidan;Balshaw;abalshawr1@hubpages.com;817;Polygender;Exdr7W
979;amennearr2;Allin;Mennear;amennearr2@creativecommons.org;835;Male;9GQHgO4HDWw0
980;spomphreyr3;Sara;Pomphrey;spomphreyr3@ft.com;803;Female;xjyH0I3pES5
981;ahardestyr4;Alli;Hardesty;ahardestyr4@soup.io;963;Female;svu5BO2nzOIP
982;achalfainr5;Anette;Chalfain;achalfainr5@mashable.com;291;Female;gqPi2E3
983;ifarmeryr6;Ingmar;Farmery;ifarmeryr6@dyndns.org;746;Male;iKDnuS
984;dantrumr7;Daria;Antrum;dantrumr7@illinois.edu;584;Female;XNgDSYUq
985;lgravettr8;Leroi;Gravett;lgravettr8@oakley.com;171;Male;9Oco9T
986;amcgownr9;Amelia;McGown;amcgownr9@desdev.cn;288;Female;AymPZRnaJ
987;rtrevainsra;Ruthy;Trevains;rtrevainsra@creativecommons.org;843;Female;2PrQrCTv
988;cvereckerrb;Cris;Verecker;cvereckerrb@weibo.com;880;Male;LlgugcnV
989;afelgatrc;Alyce;Felgat;afelgatrc@wix.com;187;Female;5PhQKs
990;sdurbannrd;Shellysheldon;Durbann;sdurbannrd@csmonitor.com;440;Male;wrknCd7EV2I
991;llafflingre;Lefty;Laffling;llafflingre@ftc.gov;549;Male;t2IkZfunUK
992;amatoninrf;Ardene;Matonin;amatoninrf@uiuc.edu;894;Female;n7IsPvF5
993;dlangerrg;Diahann;Langer;dlangerrg@techcrunch.com;888;Female;qg6oyH6tTrJq
994;esedgebeerrh;Euphemia;Sedgebeer;esedgebeerrh@t.co;698;Female;i4HCP0
995;lvasilechkori;Logan;Vasilechko;lvasilechkori@uol.com.br;216;Male;40zaJZDZO
996;aburgisrj;Audra;Burgis;aburgisrj@prlog.org;520;Female;J34DUIj
997;fmethamrk;Fredek;Metham;fmethamrk@wix.com;568;Male;ed8jgc6
998;gmormanrl;Giana;Morman;gmormanrl@dyndns.org;501;Female;PfiGYEsijwzd
999;jdunphyrm;Jane;Dunphy;jdunphyrm@godaddy.com;712;Female;OHTkfM7a
1000;mchupinrn;Mickie;Chupin;mchupinrn@mashable.com;347;Male;gcTwG9r3dw
1001;cwestleyro;Cass;Westley;cwestleyro@nydailynews.com;967;Female;6ykVRg
1002;rmahodyrp;Roberta;Mahody;rmahodyrp@unesco.org;617;Female;FU8PHeCXsiPD
1003;lmeiklerq;Luca;Meikle;lmeiklerq@yolasite.com;510;Male;EW0LP5U9o
1004;wlevinrr;Willamina;Levin;wlevinrr@huffingtonpost.com;917;Female;JHXBQEniO
